"library","run","run.lib","sample","seq.notes"
"Blank_11","plate1-6.0","plate1-6.0~Blank_11","NA",
"Blank_12","plate1-6.0","plate1-6.0~Blank_12","NA",
"Blank_21","plate1-6.0","plate1-6.0~Blank_21","NA",
"FDK10","plate1-6.0","plate1-6.0~FDK10","FDK10",
"GH1","plate1-6.0","plate1-6.0~GH1","GH1",
"GH2","plate1-6.0","plate1-6.0~GH2","GH2",
"J293","plate1-6.0","plate1-6.0~J293","J293",
"J294","plate1-6.0","plate1-6.0~J294","J294",
"J295","plate1-6.0","plate1-6.0~J295","J295",
"J295-rep","plate1-6.0","plate1-6.0~J295-rep","J295",
"J296","plate1-6.0","plate1-6.0~J296","J296",
"J298","plate1-6.0","plate1-6.0~J298","J298",
"J300","plate1-6.0","plate1-6.0~J300","J300",
"J301","plate1-6.0","plate1-6.0~J301","J301",
"J302","plate1-6.0","plate1-6.0~J302","J302",
"J303","plate1-6.0","plate1-6.0~J303","J303",
"J304","plate1-6.0","plate1-6.0~J304","J304",
"J307","plate1-6.0","plate1-6.0~J307","J307",
"J310","plate1-6.0","plate1-6.0~J310","J310",
"J311","plate1-6.0","plate1-6.0~J311","J311",
"J312","plate1-6.0","plate1-6.0~J312","J312",
"J315","plate1-6.0","plate1-6.0~J315","J315",
"J316","plate1-6.0","plate1-6.0~J316","J316",
"J317","plate1-6.0","plate1-6.0~J317","J317",
"J318","plate1-6.0","plate1-6.0~J318","J318",
"J319","plate1-6.0","plate1-6.0~J319","J319",
"J320","plate1-6.0","plate1-6.0~J320","J320",
"J321g","plate1-6.0","plate1-6.0~J321g","J321g",
"J322","plate1-6.0","plate1-6.0~J322","J322",
"J324","plate1-6.0","plate1-6.0~J324","J324",
"J326","plate1-6.0","plate1-6.0~J326","J326",
"J327","plate1-6.0","plate1-6.0~J327","J327",
"J328","plate1-6.0","plate1-6.0~J328","J328",
"J329","plate1-6.0","plate1-6.0~J329","J329",
"J330","plate1-6.0","plate1-6.0~J330","J330",
"J331","plate1-6.0","plate1-6.0~J331","J331",
"J333","plate1-6.0","plate1-6.0~J333","J333",
"J333_plus","plate1-6.0","plate1-6.0~J333_plus","J333",
"J333a","plate1-6.0","plate1-6.0~J333a","J333a",
"J334","plate1-6.0","plate1-6.0~J334","J334",
"J335","plate1-6.0","plate1-6.0~J335","J335",
"J338","plate1-6.0","plate1-6.0~J338","J338",
"J339","plate1-6.0","plate1-6.0~J339","J339",
"J340","plate1-6.0","plate1-6.0~J340","J340",
"J341","plate1-6.0","plate1-6.0~J341","J341",
"J341a","plate1-6.0","plate1-6.0~J341a","J341a",
"J341b","plate1-6.0","plate1-6.0~J341b","J341b",
"J341c","plate1-6.0","plate1-6.0~J341c","J341c",
"J341d","plate1-6.0","plate1-6.0~J341d","J341d",
"J342","plate1-6.0","plate1-6.0~J342","J342",
"J342a","plate1-6.0","plate1-6.0~J342a","J342a",
"J342a-rep","plate1-6.0","plate1-6.0~J342a-rep","J342a",
"J342b","plate1-6.0","plate1-6.0~J342b","J342b",
"J342c","plate1-6.0","plate1-6.0~J342c","J342c",
"J342d","plate1-6.0","plate1-6.0~J342d","J342d",
"J343","plate1-6.0","plate1-6.0~J343","J343",
"J344","plate1-6.0","plate1-6.0~J344","J344",
"J345","plate1-6.0","plate1-6.0~J345","J345",
"J345_plus","plate1-6.0","plate1-6.0~J345_plus","J345",
"J345a","plate1-6.0","plate1-6.0~J345a","J345a",
"J345d","plate1-6.0","plate1-6.0~J345d","J345d",
"J346","plate1-6.0","plate1-6.0~J346","J346",
"J347","plate1-6.0","plate1-6.0~J347","J347",
"J348","plate1-6.0","plate1-6.0~J348","J348",
"J349","plate1-6.0","plate1-6.0~J349","J349",
"J349a","plate1-6.0","plate1-6.0~J349a","J349a",
"J349b","plate1-6.0","plate1-6.0~J349b","J349b",
"J349d","plate1-6.0","plate1-6.0~J349d","J349d",
"J349e","plate1-6.0","plate1-6.0~J349e","J349e",
"J349f","plate1-6.0","plate1-6.0~J349f","J349f",
"J349g","plate1-6.0","plate1-6.0~J349g","J349g",
"J349h","plate1-6.0","plate1-6.0~J349h","J349h",
"J349i","plate1-6.0","plate1-6.0~J349i","J349i",
"J349j","plate1-6.0","plate1-6.0~J349j","J349j",
"J350","plate1-6.0","plate1-6.0~J350","J350",
"J350a","plate1-6.0","plate1-6.0~J350a","J350a",
"J350b","plate1-6.0","plate1-6.0~J350b","J350b",
"J350c","plate1-6.0","plate1-6.0~J350c","J350c",
"J350d","plate1-6.0","plate1-6.0~J350d","J350d",
"J350e","plate1-6.0","plate1-6.0~J350e","J350e",
"J350f","plate1-6.0","plate1-6.0~J350f","J350f",
"J350g","plate1-6.0","plate1-6.0~J350g","J350g",
"J350h","plate1-6.0","plate1-6.0~J350h","J350h",
"J350i","plate1-6.0","plate1-6.0~J350i","J350i",
"J351","plate1-6.0","plate1-6.0~J351","J351",
"J351_plus","plate1-6.0","plate1-6.0~J351_plus","J351",
"J352","plate1-6.0","plate1-6.0~J352","J352",
"J352a","plate1-6.0","plate1-6.0~J352a","J352a",
"J352b","plate1-6.0","plate1-6.0~J352b","J352b",
"J352c","plate1-6.0","plate1-6.0~J352c","J352c",
"J352d","plate1-6.0","plate1-6.0~J352d","J352d",
"J352e","plate1-6.0","plate1-6.0~J352e","J352e",
"J352f","plate1-6.0","plate1-6.0~J352f","J352f",
"J352g","plate1-6.0","plate1-6.0~J352g","J352g",
"J352h","plate1-6.0","plate1-6.0~J352h","J352h",
"J352i","plate1-6.0","plate1-6.0~J352i","J352i",
"J353","plate1-6.0","plate1-6.0~J353","J353",
"J354","plate1-6.0","plate1-6.0~J354","J354",
"J355","plate1-6.0","plate1-6.0~J355","J355",
"J355a","plate1-6.0","plate1-6.0~J355a","J355a",
"J355b","plate1-6.0","plate1-6.0~J355b","J355b",
"J355c","plate1-6.0","plate1-6.0~J355c","J355c",
"J355d","plate1-6.0","plate1-6.0~J355d","J355d",
"J355e","plate1-6.0","plate1-6.0~J355e","J355e",
"J355f","plate1-6.0","plate1-6.0~J355f","J355f",
"J355g","plate1-6.0","plate1-6.0~J355g","J355g",
"J357","plate1-6.0","plate1-6.0~J357","J357",
"J358","plate1-6.0","plate1-6.0~J358","J358",
"J359","plate1-6.0","plate1-6.0~J359","J359",
"J359a","plate1-6.0","plate1-6.0~J359a","J359a",
"J359b","plate1-6.0","plate1-6.0~J359b","J359b",
"J359c","plate1-6.0","plate1-6.0~J359c","J359c",
"J359d","plate1-6.0","plate1-6.0~J359d","J359d",
"J359e","plate1-6.0","plate1-6.0~J359e","J359e",
"J359g","plate1-6.0","plate1-6.0~J359g","J359g",
"J359h","plate1-6.0","plate1-6.0~J359h","J359h",
"J359i","plate1-6.0","plate1-6.0~J359i","J359i",
"J360","plate1-6.0","plate1-6.0~J360","J360",
"J361","plate1-6.0","plate1-6.0~J361","J361",
"J361a","plate1-6.0","plate1-6.0~J361a","J361a",
"J361b","plate1-6.0","plate1-6.0~J361b","J361b",
"J361c","plate1-6.0","plate1-6.0~J361c","J361c",
"J361d","plate1-6.0","plate1-6.0~J361d","J361d",
"J361e","plate1-6.0","plate1-6.0~J361e","J361e",
"J361f","plate1-6.0","plate1-6.0~J361f","J361f",
"J361g","plate1-6.0","plate1-6.0~J361g","J361g",
"J361h","plate1-6.0","plate1-6.0~J361h","J361h",
"J361i","plate1-6.0","plate1-6.0~J361i","J361i",
"J362","plate1-6.0","plate1-6.0~J362","J362",
"J362_young","plate1-6.0","plate1-6.0~J362_young","J362",
"J362a","plate1-6.0","plate1-6.0~J362a","J362a",
"J362b","plate1-6.0","plate1-6.0~J362b","J362b",
"J363","plate1-6.0","plate1-6.0~J363","J363",
"J363_plus","plate1-6.0","plate1-6.0~J363_plus","J363",
"J364","plate1-6.0","plate1-6.0~J364","J364",
"J365","plate1-6.0","plate1-6.0~J365","J365",
"J366","plate1-6.0","plate1-6.0~J366","J366",
"J366_plus","plate1-6.0","plate1-6.0~J366_plus","J366",
"J367","plate1-6.0","plate1-6.0~J367","J367",
"J367a","plate1-6.0","plate1-6.0~J367a","J367a",
"J367b","plate1-6.0","plate1-6.0~J367b","J367b",
"J367c","plate1-6.0","plate1-6.0~J367c","J367c",
"J367d","plate1-6.0","plate1-6.0~J367d","J367d",
"J367e","plate1-6.0","plate1-6.0~J367e","J367e",
"J367f","plate1-6.0","plate1-6.0~J367f","J367f",
"J367g","plate1-6.0","plate1-6.0~J367g","J367g",
"J367h","plate1-6.0","plate1-6.0~J367h","J367h",
"J367i","plate1-6.0","plate1-6.0~J367i","J367i",
"J368","plate1-6.0","plate1-6.0~J368","J368",
"J369","plate1-6.0","plate1-6.0~J369","J369",
"J370","plate1-6.0","plate1-6.0~J370","J370",
"J371","plate1-6.0","plate1-6.0~J371","J371",
"J372","plate1-6.0","plate1-6.0~J372","J372",
"J373","plate1-6.0","plate1-6.0~J373","J373",
"J374","plate1-6.0","plate1-6.0~J374","J374",
"J374a","plate1-6.0","plate1-6.0~J374a","J374a",
"J374b","plate1-6.0","plate1-6.0~J374b","J374b",
"J374c","plate1-6.0","plate1-6.0~J374c","J374c",
"J374d","plate1-6.0","plate1-6.0~J374d","J374d",
"J374e","plate1-6.0","plate1-6.0~J374e","J374e",
"J374f","plate1-6.0","plate1-6.0~J374f","J374f",
"J374g","plate1-6.0","plate1-6.0~J374g","J374g",
"J374h","plate1-6.0","plate1-6.0~J374h","J374h",
"J374i","plate1-6.0","plate1-6.0~J374i","J374i",
"J375","plate1-6.0","plate1-6.0~J375","J375",
"J375-rep1","plate1-6.0","plate1-6.0~J375-rep1","J375",
"J376","plate1-6.0","plate1-6.0~J376","J376",
"J376a","plate1-6.0","plate1-6.0~J376a","J376a",
"J376a-rep","plate1-6.0","plate1-6.0~J376a-rep","J376a",
"J376b","plate1-6.0","plate1-6.0~J376b","J376b",
"J376c","plate1-6.0","plate1-6.0~J376c","J376c",
"J376d","plate1-6.0","plate1-6.0~J376d","J376d",
"J376e","plate1-6.0","plate1-6.0~J376e","J376e",
"J376f","plate1-6.0","plate1-6.0~J376f","J376f",
"J376g","plate1-6.0","plate1-6.0~J376g","J376g",
"J376h","plate1-6.0","plate1-6.0~J376h","J376h",
"J376i","plate1-6.0","plate1-6.0~J376i","J376i",
"J377","plate1-6.0","plate1-6.0~J377","J377",
"J377a","plate1-6.0","plate1-6.0~J377a","J377a",
"J377b","plate1-6.0","plate1-6.0~J377b","J377b",
"J377c","plate1-6.0","plate1-6.0~J377c","J377c",
"J377d","plate1-6.0","plate1-6.0~J377d","J377d",
"J377e","plate1-6.0","plate1-6.0~J377e","J377e",
"J377e-rep","plate1-6.0","plate1-6.0~J377e-rep","J377e",
"J377g","plate1-6.0","plate1-6.0~J377g","J377g",
"J377h","plate1-6.0","plate1-6.0~J377h","J377h",
"J377i","plate1-6.0","plate1-6.0~J377i","J377i",
"J379","plate1-6.0","plate1-6.0~J379","J379",
"J381","plate1-6.0","plate1-6.0~J381","J381",
"J382a","plate1-6.0","plate1-6.0~J382a","J382a",
"J382b","plate1-6.0","plate1-6.0~J382b","J382b",
"J382c","plate1-6.0","plate1-6.0~J382c","J382c",
"J382d","plate1-6.0","plate1-6.0~J382d","J382d",
"J382e","plate1-6.0","plate1-6.0~J382e","J382e",
"J382f","plate1-6.0","plate1-6.0~J382f","J382f",
"J382g","plate1-6.0","plate1-6.0~J382g","J382g",
"J382h","plate1-6.0","plate1-6.0~J382h","J382h",
"J382i","plate1-6.0","plate1-6.0~J382i","J382i",
"J383","plate1-6.0","plate1-6.0~J383","J383",
"J385","plate1-6.0","plate1-6.0~J385","J385",
"J385-rep","plate1-6.0","plate1-6.0~J385-rep","J385",
"J385a","plate1-6.0","plate1-6.0~J385a","J385a",
"J385b","plate1-6.0","plate1-6.0~J385b","J385b",
"J385c","plate1-6.0","plate1-6.0~J385c","J385c",
"J385d","plate1-6.0","plate1-6.0~J385d","J385d",
"J385e","plate1-6.0","plate1-6.0~J385e","J385e",
"J385f","plate1-6.0","plate1-6.0~J385f","J385f",
"J385g","plate1-6.0","plate1-6.0~J385g","J385g",
"J385h","plate1-6.0","plate1-6.0~J385h","J385h",
"J385i","plate1-6.0","plate1-6.0~J385i","J385i",
"J386","plate1-6.0","plate1-6.0~J386","J386",
"J386a","plate1-6.0","plate1-6.0~J386a","J386a",
"J386b","plate1-6.0","plate1-6.0~J386b","J386b",
"J386c","plate1-6.0","plate1-6.0~J386c","J386c",
"J386d","plate1-6.0","plate1-6.0~J386d","J386d",
"J386e","plate1-6.0","plate1-6.0~J386e","J386e",
"J386f","plate1-6.0","plate1-6.0~J386f","J386f",
"J386g","plate1-6.0","plate1-6.0~J386g","J386g",
"J386h","plate1-6.0","plate1-6.0~J386h","J386h",
"J386i","plate1-6.0","plate1-6.0~J386i","J386i",
"J387","plate1-6.0","plate1-6.0~J387","J387",
"J387a","plate1-6.0","plate1-6.0~J387a","J387a",
"J387b","plate1-6.0","plate1-6.0~J387b","J387b",
"J387c","plate1-6.0","plate1-6.0~J387c","J387c",
"J387d","plate1-6.0","plate1-6.0~J387d","J387d",
"J387e","plate1-6.0","plate1-6.0~J387e","J387e",
"J387f","plate1-6.0","plate1-6.0~J387f","J387f",
"J387g","plate1-6.0","plate1-6.0~J387g","J387g",
"J387h","plate1-6.0","plate1-6.0~J387h","J387h",
"J387i","plate1-6.0","plate1-6.0~J387i","J387i",
"J388","plate1-6.0","plate1-6.0~J388","J388",
"J388a","plate1-6.0","plate1-6.0~J388a","J388a",
"J388b","plate1-6.0","plate1-6.0~J388b","J388b",
"J388c","plate1-6.0","plate1-6.0~J388c","J388c",
"J388d","plate1-6.0","plate1-6.0~J388d","J388d",
"J388e","plate1-6.0","plate1-6.0~J388e","J388e",
"J388f","plate1-6.0","plate1-6.0~J388f","J388f",
"J388g","plate1-6.0","plate1-6.0~J388g","J388g",
"J388h","plate1-6.0","plate1-6.0~J388h","J388h",
"J388i","plate1-6.0","plate1-6.0~J388i","J388i",
"J389","plate1-6.0","plate1-6.0~J389","J389",
"J390","plate1-6.0","plate1-6.0~J390","J390",
"J390a","plate1-6.0","plate1-6.0~J390a","J390a",
"J390a-rep","plate1-6.0","plate1-6.0~J390a-rep","J390a",
"J390b","plate1-6.0","plate1-6.0~J390b","J390b",
"J392","plate1-6.0","plate1-6.0~J392","J392",
"J393","plate1-6.0","plate1-6.0~J393","J393",
"J393a","plate1-6.0","plate1-6.0~J393a","J393a",
"J393b","plate1-6.0","plate1-6.0~J393b","J393b",
"J393c","plate1-6.0","plate1-6.0~J393c","J393c",
"J393d","plate1-6.0","plate1-6.0~J393d","J393d",
"J393e","plate1-6.0","plate1-6.0~J393e","J393e",
"J393f","plate1-6.0","plate1-6.0~J393f","J393f",
"J393g","plate1-6.0","plate1-6.0~J393g","J393g",
"J393h","plate1-6.0","plate1-6.0~J393h","J393h",
"J393i","plate1-6.0","plate1-6.0~J393i","J393i",
"J394","plate1-6.0","plate1-6.0~J394","J394",
"J394a","plate1-6.0","plate1-6.0~J394a","J394a",
"J394b","plate1-6.0","plate1-6.0~J394b","J394b",
"J394c","plate1-6.0","plate1-6.0~J394c","J394c",
"J394d","plate1-6.0","plate1-6.0~J394d","J394d",
"J394e","plate1-6.0","plate1-6.0~J394e","J394e",
"J394f","plate1-6.0","plate1-6.0~J394f","J394f",
"J394g","plate1-6.0","plate1-6.0~J394g","J394g",
"J395","plate1-6.0","plate1-6.0~J395","J395",
"J395A","plate1-6.0","plate1-6.0~J395A","J395a",
"J395B","plate1-6.0","plate1-6.0~J395B","J395b",
"J395C","plate1-6.0","plate1-6.0~J395C","J395c",
"J395D","plate1-6.0","plate1-6.0~J395D","J395d",
"J395E","plate1-6.0","plate1-6.0~J395E","J395e",
"J395H","plate1-6.0","plate1-6.0~J395H","J395h",
"J397","plate1-6.0","plate1-6.0~J397","J397",
"J398","plate1-6.0","plate1-6.0~J398","J398",
"J399","plate1-6.0","plate1-6.0~J399","J399",
"J400","plate1-6.0","plate1-6.0~J400","J400",
"J401","plate1-6.0","plate1-6.0~J401","J401",
"J401a","plate1-6.0","plate1-6.0~J401a","J401a",
"J401b","plate1-6.0","plate1-6.0~J401b","J401b",
"J401c","plate1-6.0","plate1-6.0~J401c","J401c",
"J401d","plate1-6.0","plate1-6.0~J401d","J401d",
"J401e","plate1-6.0","plate1-6.0~J401e","J401e",
"J401f","plate1-6.0","plate1-6.0~J401f","J401f",
"J401g","plate1-6.0","plate1-6.0~J401g","J401g",
"J401h","plate1-6.0","plate1-6.0~J401h","J401h",
"J402","plate1-6.0","plate1-6.0~J402","J402",
"J403","plate1-6.0","plate1-6.0~J403","J403",
"J404","plate1-6.0","plate1-6.0~J404","J404",
"J405","plate1-6.0","plate1-6.0~J405","J405",
"J405a","plate1-6.0","plate1-6.0~J405a","J405a",
"J405b","plate1-6.0","plate1-6.0~J405b","J405b",
"J405c","plate1-6.0","plate1-6.0~J405c","J405c",
"J405d","plate1-6.0","plate1-6.0~J405d","J405d",
"J405e","plate1-6.0","plate1-6.0~J405e","J405e",
"J405f","plate1-6.0","plate1-6.0~J405f","J405f",
"J405g","plate1-6.0","plate1-6.0~J405g","J405g",
"J405h","plate1-6.0","plate1-6.0~J405h","J405h",
"J405i","plate1-6.0","plate1-6.0~J405i","J405i",
"J406","plate1-6.0","plate1-6.0~J406","J406",
"J406a","plate1-6.0","plate1-6.0~J406a","J406a",
"J406b","plate1-6.0","plate1-6.0~J406b","J406b",
"J406c","plate1-6.0","plate1-6.0~J406c","J406c",
"J406d","plate1-6.0","plate1-6.0~J406d","J406d",
"J406e","plate1-6.0","plate1-6.0~J406e","J406e",
"J406f","plate1-6.0","plate1-6.0~J406f","J406f",
"J406g","plate1-6.0","plate1-6.0~J406g","J406g",
"J406h","plate1-6.0","plate1-6.0~J406h","J406h",
"J406i","plate1-6.0","plate1-6.0~J406i","J406i",
"J407","plate1-6.0","plate1-6.0~J407","J407",
"J408","plate1-6.0","plate1-6.0~J408","J408",
"J411","plate1-6.0","plate1-6.0~J411","J411",
"J412","plate1-6.0","plate1-6.0~J412","J412",
"J413","plate1-6.0","plate1-6.0~J413","J413",
"J413a","plate1-6.0","plate1-6.0~J413a","J413a",
"J413c","plate1-6.0","plate1-6.0~J413c","J413c",
"J413f","plate1-6.0","plate1-6.0~J413f","J413f",
"J414","plate1-6.0","plate1-6.0~J414","J414",
"J414a","plate1-6.0","plate1-6.0~J414a","J414a",
"J414b","plate1-6.0","plate1-6.0~J414b","J414b",
"J414c","plate1-6.0","plate1-6.0~J414c","J414c",
"J416","plate1-6.0","plate1-6.0~J416","J416",
"J416a","plate1-6.0","plate1-6.0~J416a","J416a",
"J416b","plate1-6.0","plate1-6.0~J416b","J416b",
"J416c","plate1-6.0","plate1-6.0~J416c","J416c",
"J416d","plate1-6.0","plate1-6.0~J416d","J416d",
"J416e","plate1-6.0","plate1-6.0~J416e","J416e",
"J416f","plate1-6.0","plate1-6.0~J416f","J416f",
"J416g","plate1-6.0","plate1-6.0~J416g","J416g",
"J416h","plate1-6.0","plate1-6.0~J416h","J416h",
"J416i","plate1-6.0","plate1-6.0~J416i","J416i",
"J417","plate1-6.0","plate1-6.0~J417","J417",
"J418","plate1-6.0","plate1-6.0~J418","J418",
"J418a","plate1-6.0","plate1-6.0~J418a","J418a",
"J418b","plate1-6.0","plate1-6.0~J418b","J418b",
"J418c","plate1-6.0","plate1-6.0~J418c","J418c",
"J418e","plate1-6.0","plate1-6.0~J418e","J418e",
"J418g","plate1-6.0","plate1-6.0~J418g","J418g",
"J418h","plate1-6.0","plate1-6.0~J418h","J418h",
"J418i","plate1-6.0","plate1-6.0~J418i","J418i",
"J419","plate1-6.0","plate1-6.0~J419","J419",
"J419a","plate1-6.0","plate1-6.0~J419a","J419a",
"J419b","plate1-6.0","plate1-6.0~J419b","J419b",
"J419c","plate1-6.0","plate1-6.0~J419c","J419c",
"J419d","plate1-6.0","plate1-6.0~J419d","J419d",
"J419e","plate1-6.0","plate1-6.0~J419e","J419e",
"J419f","plate1-6.0","plate1-6.0~J419f","J419f",
"J419g","plate1-6.0","plate1-6.0~J419g","J419g",
"J419h","plate1-6.0","plate1-6.0~J419h","J419h",
"J419i","plate1-6.0","plate1-6.0~J419i","J419i",
"J420","plate1-6.0","plate1-6.0~J420","J420",
"J421","plate1-6.0","plate1-6.0~J421","J421",
"J421b","plate1-6.0","plate1-6.0~J421b","J421b",
"J422","plate1-6.0","plate1-6.0~J422","J422",
"J422a","plate1-6.0","plate1-6.0~J422a","J422a",
"J422c","plate1-6.0","plate1-6.0~J422c","J422c",
"J422e","plate1-6.0","plate1-6.0~J422e","J422e",
"J422e-rep","plate1-6.0","plate1-6.0~J422e-rep","J422e",
"J422f","plate1-6.0","plate1-6.0~J422f","J422f",
"J422g","plate1-6.0","plate1-6.0~J422g","J422g",
"J423","plate1-6.0","plate1-6.0~J423","J423",
"J424","plate1-6.0","plate1-6.0~J424","J424",
"J424a","plate1-6.0","plate1-6.0~J424a","J424a",
"J424b","plate1-6.0","plate1-6.0~J424b","J424b",
"J424c","plate1-6.0","plate1-6.0~J424c","J424c",
"J424d","plate1-6.0","plate1-6.0~J424d","J424d",
"J424e","plate1-6.0","plate1-6.0~J424e","J424e",
"J424f","plate1-6.0","plate1-6.0~J424f","J424f",
"J424g","plate1-6.0","plate1-6.0~J424g","J424g",
"J425","plate1-6.0","plate1-6.0~J425","J425",
"J425a","plate1-6.0","plate1-6.0~J425a","J425a",
"J425b","plate1-6.0","plate1-6.0~J425b","J425b",
"J425c","plate1-6.0","plate1-6.0~J425c","J425c",
"J425d","plate1-6.0","plate1-6.0~J425d","J425d",
"J425e","plate1-6.0","plate1-6.0~J425e","J425e",
"J425f","plate1-6.0","plate1-6.0~J425f","J425f",
"J425g","plate1-6.0","plate1-6.0~J425g","J425g",
"J425h","plate1-6.0","plate1-6.0~J425h","J425h",
"J425i","plate1-6.0","plate1-6.0~J425i","J425i",
"J426","plate1-6.0","plate1-6.0~J426","J426",
"J426a","plate1-6.0","plate1-6.0~J426a","J426a",
"J426b","plate1-6.0","plate1-6.0~J426b","J426b",
"J426c","plate1-6.0","plate1-6.0~J426c","J426c",
"J426d","plate1-6.0","plate1-6.0~J426d","J426d",
"J426f","plate1-6.0","plate1-6.0~J426f","J426f",
"J426g","plate1-6.0","plate1-6.0~J426g","J426g",
"J426h","plate1-6.0","plate1-6.0~J426h","J426h",
"J426i","plate1-6.0","plate1-6.0~J426i","J426i",
"J427","plate1-6.0","plate1-6.0~J427","J427",
"J427a","plate1-6.0","plate1-6.0~J427a","J427a",
"J428","plate1-6.0","plate1-6.0~J428","J428",
"J428a","plate1-6.0","plate1-6.0~J428a","J428a",
"J428b","plate1-6.0","plate1-6.0~J428b","J428b",
"J428c","plate1-6.0","plate1-6.0~J428c","J428c",
"J428d","plate1-6.0","plate1-6.0~J428d","J428d",
"J428e","plate1-6.0","plate1-6.0~J428e","J428e",
"J428f","plate1-6.0","plate1-6.0~J428f","J428f",
"J428g","plate1-6.0","plate1-6.0~J428g","J428g",
"J428h","plate1-6.0","plate1-6.0~J428h","J428h",
"J428i","plate1-6.0","plate1-6.0~J428i","J428i",
"J429","plate1-6.0","plate1-6.0~J429","J429",
"J429a","plate1-6.0","plate1-6.0~J429a","J429a",
"J429b","plate1-6.0","plate1-6.0~J429b","J429b",
"J429c","plate1-6.0","plate1-6.0~J429c","J429c",
"J429d","plate1-6.0","plate1-6.0~J429d","J429d",
"J429e","plate1-6.0","plate1-6.0~J429e","J429e",
"J429f","plate1-6.0","plate1-6.0~J429f","J429f",
"J429g","plate1-6.0","plate1-6.0~J429g","J429g",
"J429h","plate1-6.0","plate1-6.0~J429h","J429h",
"J429i","plate1-6.0","plate1-6.0~J429i","J429i",
"J430","plate1-6.0","plate1-6.0~J430","J430",
"J430a","plate1-6.0","plate1-6.0~J430a","J430a",
"J430a-rep","plate1-6.0","plate1-6.0~J430a-rep","J430a",
"J430b","plate1-6.0","plate1-6.0~J430b","J430b",
"J430c","plate1-6.0","plate1-6.0~J430c","J430c",
"J430d","plate1-6.0","plate1-6.0~J430d","J430d",
"J430e","plate1-6.0","plate1-6.0~J430e","J430e",
"J430f","plate1-6.0","plate1-6.0~J430f","J430f",
"J430g","plate1-6.0","plate1-6.0~J430g","J430g",
"J430h","plate1-6.0","plate1-6.0~J430h","J430h",
"J430i","plate1-6.0","plate1-6.0~J430i","J430i",
"J431","plate1-6.0","plate1-6.0~J431","J431",
"J432","plate1-6.0","plate1-6.0~J432","J432",
"J433","plate1-6.0","plate1-6.0~J433","J433",
"J433a","plate1-6.0","plate1-6.0~J433a","J433a",
"J433b","plate1-6.0","plate1-6.0~J433b","J433b",
"J433c","plate1-6.0","plate1-6.0~J433c","J433c",
"J433d","plate1-6.0","plate1-6.0~J433d","J433d",
"J433e","plate1-6.0","plate1-6.0~J433e","J433e",
"J433f","plate1-6.0","plate1-6.0~J433f","J433f",
"J433g","plate1-6.0","plate1-6.0~J433g","J433g",
"J433h","plate1-6.0","plate1-6.0~J433h","J433h",
"J434","plate1-6.0","plate1-6.0~J434","J434",
"J434a","plate1-6.0","plate1-6.0~J434a","J434a",
"J434b","plate1-6.0","plate1-6.0~J434b","J434b",
"J435","plate1-6.0","plate1-6.0~J435","J435",
"J435a","plate1-6.0","plate1-6.0~J435a","J435a",
"J435b","plate1-6.0","plate1-6.0~J435b","J435b",
"J435c","plate1-6.0","plate1-6.0~J435c","J435c",
"J435d","plate1-6.0","plate1-6.0~J435d","J435d",
"J435e","plate1-6.0","plate1-6.0~J435e","J435e",
"J435f","plate1-6.0","plate1-6.0~J435f","J435f",
"J435g","plate1-6.0","plate1-6.0~J435g","J435g",
"J435h","plate1-6.0","plate1-6.0~J435h","J435h",
"J435i","plate1-6.0","plate1-6.0~J435i","J435i",
"J436","plate1-6.0","plate1-6.0~J436","J436",
"J436a","plate1-6.0","plate1-6.0~J436a","J436a",
"J436b","plate1-6.0","plate1-6.0~J436b","J436b",
"J436c","plate1-6.0","plate1-6.0~J436c","J436c",
"J436c-rep","plate1-6.0","plate1-6.0~J436c-rep","J436c",
"J436d","plate1-6.0","plate1-6.0~J436d","J436d",
"J436e","plate1-6.0","plate1-6.0~J436e","J436e",
"J436f","plate1-6.0","plate1-6.0~J436f","J436f",
"J436g","plate1-6.0","plate1-6.0~J436g","J436g",
"J436h","plate1-6.0","plate1-6.0~J436h","J436h",
"J436i","plate1-6.0","plate1-6.0~J436i","J436i",
"J437","plate1-6.0","plate1-6.0~J437","J437",
"J438","plate1-6.0","plate1-6.0~J438","J438",
"M1c","plate1-6.0","plate1-6.0~M1c","M1c",
"M2a","plate1-6.0","plate1-6.0~M2a","M2a",
"M2b","plate1-6.0","plate1-6.0~M2b","M2b",
"NAL05","plate1-6.0","plate1-6.0~NAL05","NAL05",
"NBJ30","plate1-6.0","plate1-6.0~NBJ30","NBJ30",
"NCD30","plate1-6.0","plate1-6.0~NCD30","NCD30",
"NCR13","plate1-6.0","plate1-6.0~NCR13","NCR13",
"NDU10","plate1-6.0","plate1-6.0~NDU10","NDU10",
"NE10467","plate1-6.0","plate1-6.0~NE10467","NE10467",
"NE25923","plate1-6.0","plate1-6.0~NE25923","NE25923",
"NE25953","plate1-6.0","plate1-6.0~NE25953","NE25953",
"NE35955","plate1-6.0","plate1-6.0~NE35955","NE35955",
"NE35959","plate1-6.0","plate1-6.0~NE35959","NE35959",
"NE36811","plate1-6.0","plate1-6.0~NE36811","NE36811",
"NE37169","plate1-6.0","plate1-6.0~NE37169","NE37169",
"NE37647","plate1-6.0","plate1-6.0~NE37647","NE37647",
"NE4583","plate1-6.0","plate1-6.0~NE4583","NE4583",
"NE67754","plate1-6.0","plate1-6.0~NE67754","NE67754",
"NE90535","plate1-6.0","plate1-6.0~NE90535","NE90535",
"RA1006","plate1-6.0","plate1-6.0~RA1006","RA1006",
"RA1007","plate1-6.0","plate1-6.0~RA1007","RA1007",
"TLC715","plate1-6.0","plate1-6.0~TLC715","TLC715",
"TLC720","plate1-6.0","plate1-6.0~TLC720","TLC720",
"TLC725","plate1-6.0","plate1-6.0~TLC725","TLC725",
"TLC726","plate1-6.0","plate1-6.0~TLC726","TLC726",
"TLC775","plate1-6.0","plate1-6.0~TLC775","TLC775",
"VMA18","plate1-6.0","plate1-6.0~VMA18","VMA18",
"VWG14","plate1-6.0","plate1-6.0~VWG14","VWG14",
"blank_31","plate1-6.0","plate1-6.0~blank_31","NA",
"blank_32","plate1-6.0","plate1-6.0~blank_32","NA",
"blank_41","plate1-6.0","plate1-6.0~blank_41","NA",
"blank_42","plate1-6.0","plate1-6.0~blank_42","NA",
"blank_51","plate1-6.0","plate1-6.0~blank_51","NA",
"blank_52","plate1-6.0","plate1-6.0~blank_52","NA",
"blank_61","plate1-6.0","plate1-6.0~blank_61","NA",
"blank_62","plate1-6.0","plate1-6.0~blank_62","NA",
"Blank_11","plate1-6.1","plate1-6.1~Blank_11","NA",
"Blank_12","plate1-6.1","plate1-6.1~Blank_12","NA",
"Blank_21","plate1-6.1","plate1-6.1~Blank_21","NA",
"FDK10","plate1-6.1","plate1-6.1~FDK10","FDK10",
"GH1","plate1-6.1","plate1-6.1~GH1","GH1",
"GH2","plate1-6.1","plate1-6.1~GH2","GH2",
"J293","plate1-6.1","plate1-6.1~J293","J293",
"J294","plate1-6.1","plate1-6.1~J294","J294",
"J295","plate1-6.1","plate1-6.1~J295","J295",
"J295-rep","plate1-6.1","plate1-6.1~J295-rep","J295",
"J296","plate1-6.1","plate1-6.1~J296","J296",
"J298","plate1-6.1","plate1-6.1~J298","J298",
"J300","plate1-6.1","plate1-6.1~J300","J300",
"J301","plate1-6.1","plate1-6.1~J301","J301",
"J302","plate1-6.1","plate1-6.1~J302","J302",
"J303","plate1-6.1","plate1-6.1~J303","J303",
"J304","plate1-6.1","plate1-6.1~J304","J304",
"J307","plate1-6.1","plate1-6.1~J307","J307",
"J310","plate1-6.1","plate1-6.1~J310","J310",
"J311","plate1-6.1","plate1-6.1~J311","J311",
"J312","plate1-6.1","plate1-6.1~J312","J312",
"J315","plate1-6.1","plate1-6.1~J315","J315",
"J316","plate1-6.1","plate1-6.1~J316","J316",
"J317","plate1-6.1","plate1-6.1~J317","J317",
"J318","plate1-6.1","plate1-6.1~J318","J318",
"J319","plate1-6.1","plate1-6.1~J319","J319",
"J320","plate1-6.1","plate1-6.1~J320","J320",
"J321g","plate1-6.1","plate1-6.1~J321g","J321g",
"J322","plate1-6.1","plate1-6.1~J322","J322",
"J324","plate1-6.1","plate1-6.1~J324","J324",
"J326","plate1-6.1","plate1-6.1~J326","J326",
"J327","plate1-6.1","plate1-6.1~J327","J327",
"J328","plate1-6.1","plate1-6.1~J328","J328",
"J329","plate1-6.1","plate1-6.1~J329","J329",
"J330","plate1-6.1","plate1-6.1~J330","J330",
"J331","plate1-6.1","plate1-6.1~J331","J331",
"J333","plate1-6.1","plate1-6.1~J333","J333",
"J333_plus","plate1-6.1","plate1-6.1~J333_plus","J333",
"J333a","plate1-6.1","plate1-6.1~J333a","J333a",
"J334","plate1-6.1","plate1-6.1~J334","J334",
"J335","plate1-6.1","plate1-6.1~J335","J335",
"J338","plate1-6.1","plate1-6.1~J338","J338",
"J339","plate1-6.1","plate1-6.1~J339","J339",
"J340","plate1-6.1","plate1-6.1~J340","J340",
"J341","plate1-6.1","plate1-6.1~J341","J341",
"J341a","plate1-6.1","plate1-6.1~J341a","J341a",
"J341b","plate1-6.1","plate1-6.1~J341b","J341b",
"J341c","plate1-6.1","plate1-6.1~J341c","J341c",
"J341d","plate1-6.1","plate1-6.1~J341d","J341d",
"J342","plate1-6.1","plate1-6.1~J342","J342",
"J342a","plate1-6.1","plate1-6.1~J342a","J342a",
"J342a-rep","plate1-6.1","plate1-6.1~J342a-rep","J342a",
"J342b","plate1-6.1","plate1-6.1~J342b","J342b",
"J342c","plate1-6.1","plate1-6.1~J342c","J342c",
"J342d","plate1-6.1","plate1-6.1~J342d","J342d",
"J343","plate1-6.1","plate1-6.1~J343","J343",
"J344","plate1-6.1","plate1-6.1~J344","J344",
"J345","plate1-6.1","plate1-6.1~J345","J345",
"J345_plus","plate1-6.1","plate1-6.1~J345_plus","J345",
"J345a","plate1-6.1","plate1-6.1~J345a","J345a",
"J345d","plate1-6.1","plate1-6.1~J345d","J345d",
"J346","plate1-6.1","plate1-6.1~J346","J346",
"J347","plate1-6.1","plate1-6.1~J347","J347",
"J348","plate1-6.1","plate1-6.1~J348","J348",
"J349","plate1-6.1","plate1-6.1~J349","J349",
"J349a","plate1-6.1","plate1-6.1~J349a","J349a",
"J349b","plate1-6.1","plate1-6.1~J349b","J349b",
"J349d","plate1-6.1","plate1-6.1~J349d","J349d",
"J349e","plate1-6.1","plate1-6.1~J349e","J349e",
"J349f","plate1-6.1","plate1-6.1~J349f","J349f",
"J349g","plate1-6.1","plate1-6.1~J349g","J349g",
"J349h","plate1-6.1","plate1-6.1~J349h","J349h",
"J349i","plate1-6.1","plate1-6.1~J349i","J349i",
"J349j","plate1-6.1","plate1-6.1~J349j","J349j",
"J350","plate1-6.1","plate1-6.1~J350","J350",
"J350a","plate1-6.1","plate1-6.1~J350a","J350a",
"J350b","plate1-6.1","plate1-6.1~J350b","J350b",
"J350c","plate1-6.1","plate1-6.1~J350c","J350c",
"J350d","plate1-6.1","plate1-6.1~J350d","J350d",
"J350e","plate1-6.1","plate1-6.1~J350e","J350e",
"J350f","plate1-6.1","plate1-6.1~J350f","J350f",
"J350g","plate1-6.1","plate1-6.1~J350g","J350g",
"J350h","plate1-6.1","plate1-6.1~J350h","J350h",
"J350i","plate1-6.1","plate1-6.1~J350i","J350i",
"J351","plate1-6.1","plate1-6.1~J351","J351",
"J351_plus","plate1-6.1","plate1-6.1~J351_plus","J351",
"J352","plate1-6.1","plate1-6.1~J352","J352",
"J352a","plate1-6.1","plate1-6.1~J352a","J352a",
"J352b","plate1-6.1","plate1-6.1~J352b","J352b",
"J352c","plate1-6.1","plate1-6.1~J352c","J352c",
"J352d","plate1-6.1","plate1-6.1~J352d","J352d",
"J352e","plate1-6.1","plate1-6.1~J352e","J352e",
"J352f","plate1-6.1","plate1-6.1~J352f","J352f",
"J352g","plate1-6.1","plate1-6.1~J352g","J352g",
"J352h","plate1-6.1","plate1-6.1~J352h","J352h",
"J352i","plate1-6.1","plate1-6.1~J352i","J352i",
"J353","plate1-6.1","plate1-6.1~J353","J353",
"J354","plate1-6.1","plate1-6.1~J354","J354",
"J355","plate1-6.1","plate1-6.1~J355","J355",
"J355a","plate1-6.1","plate1-6.1~J355a","J355a",
"J355b","plate1-6.1","plate1-6.1~J355b","J355b",
"J355c","plate1-6.1","plate1-6.1~J355c","J355c",
"J355d","plate1-6.1","plate1-6.1~J355d","J355d",
"J355e","plate1-6.1","plate1-6.1~J355e","J355e",
"J355f","plate1-6.1","plate1-6.1~J355f","J355f",
"J355g","plate1-6.1","plate1-6.1~J355g","J355g",
"J357","plate1-6.1","plate1-6.1~J357","J357",
"J358","plate1-6.1","plate1-6.1~J358","J358",
"J359","plate1-6.1","plate1-6.1~J359","J359",
"J359a","plate1-6.1","plate1-6.1~J359a","J359a",
"J359b","plate1-6.1","plate1-6.1~J359b","J359b",
"J359c","plate1-6.1","plate1-6.1~J359c","J359c",
"J359d","plate1-6.1","plate1-6.1~J359d","J359d",
"J359e","plate1-6.1","plate1-6.1~J359e","J359e",
"J359g","plate1-6.1","plate1-6.1~J359g","J359g",
"J359h","plate1-6.1","plate1-6.1~J359h","J359h",
"J359i","plate1-6.1","plate1-6.1~J359i","J359i",
"J360","plate1-6.1","plate1-6.1~J360","J360",
"J361","plate1-6.1","plate1-6.1~J361","J361",
"J361a","plate1-6.1","plate1-6.1~J361a","J361a",
"J361b","plate1-6.1","plate1-6.1~J361b","J361b",
"J361c","plate1-6.1","plate1-6.1~J361c","J361c",
"J361d","plate1-6.1","plate1-6.1~J361d","J361d",
"J361e","plate1-6.1","plate1-6.1~J361e","J361e",
"J361f","plate1-6.1","plate1-6.1~J361f","J361f",
"J361g","plate1-6.1","plate1-6.1~J361g","J361g",
"J361h","plate1-6.1","plate1-6.1~J361h","J361h",
"J361i","plate1-6.1","plate1-6.1~J361i","J361i",
"J362","plate1-6.1","plate1-6.1~J362","J362",
"J362_young","plate1-6.1","plate1-6.1~J362_young","J362",
"J362a","plate1-6.1","plate1-6.1~J362a","J362a",
"J362b","plate1-6.1","plate1-6.1~J362b","J362b",
"J363","plate1-6.1","plate1-6.1~J363","J363",
"J363_plus","plate1-6.1","plate1-6.1~J363_plus","J363",
"J364","plate1-6.1","plate1-6.1~J364","J364",
"J365","plate1-6.1","plate1-6.1~J365","J365",
"J366","plate1-6.1","plate1-6.1~J366","J366",
"J366_plus","plate1-6.1","plate1-6.1~J366_plus","J366",
"J367","plate1-6.1","plate1-6.1~J367","J367",
"J367a","plate1-6.1","plate1-6.1~J367a","J367a",
"J367b","plate1-6.1","plate1-6.1~J367b","J367b",
"J367c","plate1-6.1","plate1-6.1~J367c","J367c",
"J367d","plate1-6.1","plate1-6.1~J367d","J367d",
"J367e","plate1-6.1","plate1-6.1~J367e","J367e",
"J367f","plate1-6.1","plate1-6.1~J367f","J367f",
"J367g","plate1-6.1","plate1-6.1~J367g","J367g",
"J367h","plate1-6.1","plate1-6.1~J367h","J367h",
"J367i","plate1-6.1","plate1-6.1~J367i","J367i",
"J368","plate1-6.1","plate1-6.1~J368","J368",
"J369","plate1-6.1","plate1-6.1~J369","J369",
"J370","plate1-6.1","plate1-6.1~J370","J370",
"J371","plate1-6.1","plate1-6.1~J371","J371",
"J372","plate1-6.1","plate1-6.1~J372","J372",
"J373","plate1-6.1","plate1-6.1~J373","J373",
"J374","plate1-6.1","plate1-6.1~J374","J374",
"J374a","plate1-6.1","plate1-6.1~J374a","J374a",
"J374b","plate1-6.1","plate1-6.1~J374b","J374b",
"J374c","plate1-6.1","plate1-6.1~J374c","J374c",
"J374d","plate1-6.1","plate1-6.1~J374d","J374d",
"J374e","plate1-6.1","plate1-6.1~J374e","J374e",
"J374f","plate1-6.1","plate1-6.1~J374f","J374f",
"J374g","plate1-6.1","plate1-6.1~J374g","J374g",
"J374h","plate1-6.1","plate1-6.1~J374h","J374h",
"J374i","plate1-6.1","plate1-6.1~J374i","J374i",
"J375","plate1-6.1","plate1-6.1~J375","J375",
"J375-rep1","plate1-6.1","plate1-6.1~J375-rep1","J375",
"J376","plate1-6.1","plate1-6.1~J376","J376",
"J376a","plate1-6.1","plate1-6.1~J376a","J376a",
"J376a-rep","plate1-6.1","plate1-6.1~J376a-rep","J376a",
"J376b","plate1-6.1","plate1-6.1~J376b","J376b",
"J376c","plate1-6.1","plate1-6.1~J376c","J376c",
"J376d","plate1-6.1","plate1-6.1~J376d","J376d",
"J376e","plate1-6.1","plate1-6.1~J376e","J376e",
"J376f","plate1-6.1","plate1-6.1~J376f","J376f",
"J376g","plate1-6.1","plate1-6.1~J376g","J376g",
"J376h","plate1-6.1","plate1-6.1~J376h","J376h",
"J376i","plate1-6.1","plate1-6.1~J376i","J376i",
"J377","plate1-6.1","plate1-6.1~J377","J377",
"J377a","plate1-6.1","plate1-6.1~J377a","J377a",
"J377b","plate1-6.1","plate1-6.1~J377b","J377b",
"J377c","plate1-6.1","plate1-6.1~J377c","J377c",
"J377d","plate1-6.1","plate1-6.1~J377d","J377d",
"J377e","plate1-6.1","plate1-6.1~J377e","J377e",
"J377e-rep","plate1-6.1","plate1-6.1~J377e-rep","J377e",
"J377g","plate1-6.1","plate1-6.1~J377g","J377g",
"J377h","plate1-6.1","plate1-6.1~J377h","J377h",
"J377i","plate1-6.1","plate1-6.1~J377i","J377i",
"J379","plate1-6.1","plate1-6.1~J379","J379",
"J381","plate1-6.1","plate1-6.1~J381","J381",
"J382a","plate1-6.1","plate1-6.1~J382a","J382a",
"J382b","plate1-6.1","plate1-6.1~J382b","J382b",
"J382c","plate1-6.1","plate1-6.1~J382c","J382c",
"J382d","plate1-6.1","plate1-6.1~J382d","J382d",
"J382e","plate1-6.1","plate1-6.1~J382e","J382e",
"J382f","plate1-6.1","plate1-6.1~J382f","J382f",
"J382g","plate1-6.1","plate1-6.1~J382g","J382g",
"J382h","plate1-6.1","plate1-6.1~J382h","J382h",
"J382i","plate1-6.1","plate1-6.1~J382i","J382i",
"J383","plate1-6.1","plate1-6.1~J383","J383",
"J385","plate1-6.1","plate1-6.1~J385","J385",
"J385-rep","plate1-6.1","plate1-6.1~J385-rep","J385",
"J385a","plate1-6.1","plate1-6.1~J385a","J385a",
"J385b","plate1-6.1","plate1-6.1~J385b","J385b",
"J385c","plate1-6.1","plate1-6.1~J385c","J385c",
"J385d","plate1-6.1","plate1-6.1~J385d","J385d",
"J385e","plate1-6.1","plate1-6.1~J385e","J385e",
"J385f","plate1-6.1","plate1-6.1~J385f","J385f",
"J385g","plate1-6.1","plate1-6.1~J385g","J385g",
"J385h","plate1-6.1","plate1-6.1~J385h","J385h",
"J385i","plate1-6.1","plate1-6.1~J385i","J385i",
"J386","plate1-6.1","plate1-6.1~J386","J386",
"J386a","plate1-6.1","plate1-6.1~J386a","J386a",
"J386b","plate1-6.1","plate1-6.1~J386b","J386b",
"J386c","plate1-6.1","plate1-6.1~J386c","J386c",
"J386d","plate1-6.1","plate1-6.1~J386d","J386d",
"J386e","plate1-6.1","plate1-6.1~J386e","J386e",
"J386f","plate1-6.1","plate1-6.1~J386f","J386f",
"J386g","plate1-6.1","plate1-6.1~J386g","J386g",
"J386h","plate1-6.1","plate1-6.1~J386h","J386h",
"J386i","plate1-6.1","plate1-6.1~J386i","J386i",
"J387","plate1-6.1","plate1-6.1~J387","J387",
"J387a","plate1-6.1","plate1-6.1~J387a","J387a",
"J387b","plate1-6.1","plate1-6.1~J387b","J387b",
"J387c","plate1-6.1","plate1-6.1~J387c","J387c",
"J387d","plate1-6.1","plate1-6.1~J387d","J387d",
"J387e","plate1-6.1","plate1-6.1~J387e","J387e",
"J387f","plate1-6.1","plate1-6.1~J387f","J387f",
"J387g","plate1-6.1","plate1-6.1~J387g","J387g",
"J387h","plate1-6.1","plate1-6.1~J387h","J387h",
"J387i","plate1-6.1","plate1-6.1~J387i","J387i",
"J388","plate1-6.1","plate1-6.1~J388","J388",
"J388a","plate1-6.1","plate1-6.1~J388a","J388a",
"J388b","plate1-6.1","plate1-6.1~J388b","J388b",
"J388c","plate1-6.1","plate1-6.1~J388c","J388c",
"J388d","plate1-6.1","plate1-6.1~J388d","J388d",
"J388e","plate1-6.1","plate1-6.1~J388e","J388e",
"J388f","plate1-6.1","plate1-6.1~J388f","J388f",
"J388g","plate1-6.1","plate1-6.1~J388g","J388g",
"J388h","plate1-6.1","plate1-6.1~J388h","J388h",
"J388i","plate1-6.1","plate1-6.1~J388i","J388i",
"J389","plate1-6.1","plate1-6.1~J389","J389",
"J390","plate1-6.1","plate1-6.1~J390","J390",
"J390a","plate1-6.1","plate1-6.1~J390a","J390a",
"J390a-rep","plate1-6.1","plate1-6.1~J390a-rep","J390a",
"J390b","plate1-6.1","plate1-6.1~J390b","J390b",
"J392","plate1-6.1","plate1-6.1~J392","J392",
"J393","plate1-6.1","plate1-6.1~J393","J393",
"J393a","plate1-6.1","plate1-6.1~J393a","J393a",
"J393b","plate1-6.1","plate1-6.1~J393b","J393b",
"J393c","plate1-6.1","plate1-6.1~J393c","J393c",
"J393d","plate1-6.1","plate1-6.1~J393d","J393d",
"J393e","plate1-6.1","plate1-6.1~J393e","J393e",
"J393f","plate1-6.1","plate1-6.1~J393f","J393f",
"J393g","plate1-6.1","plate1-6.1~J393g","J393g",
"J393h","plate1-6.1","plate1-6.1~J393h","J393h",
"J393i","plate1-6.1","plate1-6.1~J393i","J393i",
"J394","plate1-6.1","plate1-6.1~J394","J394",
"J394a","plate1-6.1","plate1-6.1~J394a","J394a",
"J394b","plate1-6.1","plate1-6.1~J394b","J394b",
"J394c","plate1-6.1","plate1-6.1~J394c","J394c",
"J394d","plate1-6.1","plate1-6.1~J394d","J394d",
"J394e","plate1-6.1","plate1-6.1~J394e","J394e",
"J394f","plate1-6.1","plate1-6.1~J394f","J394f",
"J394g","plate1-6.1","plate1-6.1~J394g","J394g",
"J395","plate1-6.1","plate1-6.1~J395","J395",
"J395A","plate1-6.1","plate1-6.1~J395A","J395a",
"J395B","plate1-6.1","plate1-6.1~J395B","J395b",
"J395C","plate1-6.1","plate1-6.1~J395C","J395c",
"J395D","plate1-6.1","plate1-6.1~J395D","J395d",
"J395E","plate1-6.1","plate1-6.1~J395E","J395e",
"J395H","plate1-6.1","plate1-6.1~J395H","J395h",
"J397","plate1-6.1","plate1-6.1~J397","J397",
"J398","plate1-6.1","plate1-6.1~J398","J398",
"J399","plate1-6.1","plate1-6.1~J399","J399",
"J400","plate1-6.1","plate1-6.1~J400","J400",
"J401","plate1-6.1","plate1-6.1~J401","J401",
"J401a","plate1-6.1","plate1-6.1~J401a","J401a",
"J401b","plate1-6.1","plate1-6.1~J401b","J401b",
"J401c","plate1-6.1","plate1-6.1~J401c","J401c",
"J401d","plate1-6.1","plate1-6.1~J401d","J401d",
"J401e","plate1-6.1","plate1-6.1~J401e","J401e",
"J401f","plate1-6.1","plate1-6.1~J401f","J401f",
"J401g","plate1-6.1","plate1-6.1~J401g","J401g",
"J401h","plate1-6.1","plate1-6.1~J401h","J401h",
"J402","plate1-6.1","plate1-6.1~J402","J402",
"J403","plate1-6.1","plate1-6.1~J403","J403",
"J404","plate1-6.1","plate1-6.1~J404","J404",
"J405","plate1-6.1","plate1-6.1~J405","J405",
"J405a","plate1-6.1","plate1-6.1~J405a","J405a",
"J405b","plate1-6.1","plate1-6.1~J405b","J405b",
"J405c","plate1-6.1","plate1-6.1~J405c","J405c",
"J405d","plate1-6.1","plate1-6.1~J405d","J405d",
"J405e","plate1-6.1","plate1-6.1~J405e","J405e",
"J405f","plate1-6.1","plate1-6.1~J405f","J405f",
"J405g","plate1-6.1","plate1-6.1~J405g","J405g",
"J405h","plate1-6.1","plate1-6.1~J405h","J405h",
"J405i","plate1-6.1","plate1-6.1~J405i","J405i",
"J406","plate1-6.1","plate1-6.1~J406","J406",
"J406a","plate1-6.1","plate1-6.1~J406a","J406a",
"J406b","plate1-6.1","plate1-6.1~J406b","J406b",
"J406c","plate1-6.1","plate1-6.1~J406c","J406c",
"J406d","plate1-6.1","plate1-6.1~J406d","J406d",
"J406e","plate1-6.1","plate1-6.1~J406e","J406e",
"J406f","plate1-6.1","plate1-6.1~J406f","J406f",
"J406g","plate1-6.1","plate1-6.1~J406g","J406g",
"J406h","plate1-6.1","plate1-6.1~J406h","J406h",
"J406i","plate1-6.1","plate1-6.1~J406i","J406i",
"J407","plate1-6.1","plate1-6.1~J407","J407",
"J408","plate1-6.1","plate1-6.1~J408","J408",
"J411","plate1-6.1","plate1-6.1~J411","J411",
"J412","plate1-6.1","plate1-6.1~J412","J412",
"J413","plate1-6.1","plate1-6.1~J413","J413",
"J413a","plate1-6.1","plate1-6.1~J413a","J413a",
"J413c","plate1-6.1","plate1-6.1~J413c","J413c",
"J413f","plate1-6.1","plate1-6.1~J413f","J413f",
"J414","plate1-6.1","plate1-6.1~J414","J414",
"J414a","plate1-6.1","plate1-6.1~J414a","J414a",
"J414b","plate1-6.1","plate1-6.1~J414b","J414b",
"J414c","plate1-6.1","plate1-6.1~J414c","J414c",
"J416","plate1-6.1","plate1-6.1~J416","J416",
"J416a","plate1-6.1","plate1-6.1~J416a","J416a",
"J416b","plate1-6.1","plate1-6.1~J416b","J416b",
"J416c","plate1-6.1","plate1-6.1~J416c","J416c",
"J416d","plate1-6.1","plate1-6.1~J416d","J416d",
"J416e","plate1-6.1","plate1-6.1~J416e","J416e",
"J416f","plate1-6.1","plate1-6.1~J416f","J416f",
"J416g","plate1-6.1","plate1-6.1~J416g","J416g",
"J416h","plate1-6.1","plate1-6.1~J416h","J416h",
"J416i","plate1-6.1","plate1-6.1~J416i","J416i",
"J417","plate1-6.1","plate1-6.1~J417","J417",
"J418","plate1-6.1","plate1-6.1~J418","J418",
"J418a","plate1-6.1","plate1-6.1~J418a","J418a",
"J418b","plate1-6.1","plate1-6.1~J418b","J418b",
"J418c","plate1-6.1","plate1-6.1~J418c","J418c",
"J418e","plate1-6.1","plate1-6.1~J418e","J418e",
"J418g","plate1-6.1","plate1-6.1~J418g","J418g",
"J418h","plate1-6.1","plate1-6.1~J418h","J418h",
"J418i","plate1-6.1","plate1-6.1~J418i","J418i",
"J419","plate1-6.1","plate1-6.1~J419","J419",
"J419a","plate1-6.1","plate1-6.1~J419a","J419a",
"J419b","plate1-6.1","plate1-6.1~J419b","J419b",
"J419c","plate1-6.1","plate1-6.1~J419c","J419c",
"J419d","plate1-6.1","plate1-6.1~J419d","J419d",
"J419e","plate1-6.1","plate1-6.1~J419e","J419e",
"J419f","plate1-6.1","plate1-6.1~J419f","J419f",
"J419g","plate1-6.1","plate1-6.1~J419g","J419g",
"J419h","plate1-6.1","plate1-6.1~J419h","J419h",
"J419i","plate1-6.1","plate1-6.1~J419i","J419i",
"J420","plate1-6.1","plate1-6.1~J420","J420",
"J421","plate1-6.1","plate1-6.1~J421","J421",
"J421b","plate1-6.1","plate1-6.1~J421b","J421b",
"J422","plate1-6.1","plate1-6.1~J422","J422",
"J422a","plate1-6.1","plate1-6.1~J422a","J422a",
"J422c","plate1-6.1","plate1-6.1~J422c","J422c",
"J422e","plate1-6.1","plate1-6.1~J422e","J422e",
"J422e-rep","plate1-6.1","plate1-6.1~J422e-rep","J422e",
"J422f","plate1-6.1","plate1-6.1~J422f","J422f",
"J422g","plate1-6.1","plate1-6.1~J422g","J422g",
"J423","plate1-6.1","plate1-6.1~J423","J423",
"J424","plate1-6.1","plate1-6.1~J424","J424",
"J424a","plate1-6.1","plate1-6.1~J424a","J424a",
"J424b","plate1-6.1","plate1-6.1~J424b","J424b",
"J424c","plate1-6.1","plate1-6.1~J424c","J424c",
"J424d","plate1-6.1","plate1-6.1~J424d","J424d",
"J424e","plate1-6.1","plate1-6.1~J424e","J424e",
"J424f","plate1-6.1","plate1-6.1~J424f","J424f",
"J424g","plate1-6.1","plate1-6.1~J424g","J424g",
"J425","plate1-6.1","plate1-6.1~J425","J425",
"J425a","plate1-6.1","plate1-6.1~J425a","J425a",
"J425b","plate1-6.1","plate1-6.1~J425b","J425b",
"J425c","plate1-6.1","plate1-6.1~J425c","J425c",
"J425d","plate1-6.1","plate1-6.1~J425d","J425d",
"J425e","plate1-6.1","plate1-6.1~J425e","J425e",
"J425f","plate1-6.1","plate1-6.1~J425f","J425f",
"J425g","plate1-6.1","plate1-6.1~J425g","J425g",
"J425h","plate1-6.1","plate1-6.1~J425h","J425h",
"J425i","plate1-6.1","plate1-6.1~J425i","J425i",
"J426","plate1-6.1","plate1-6.1~J426","J426",
"J426a","plate1-6.1","plate1-6.1~J426a","J426a",
"J426b","plate1-6.1","plate1-6.1~J426b","J426b",
"J426c","plate1-6.1","plate1-6.1~J426c","J426c",
"J426d","plate1-6.1","plate1-6.1~J426d","J426d",
"J426f","plate1-6.1","plate1-6.1~J426f","J426f",
"J426g","plate1-6.1","plate1-6.1~J426g","J426g",
"J426h","plate1-6.1","plate1-6.1~J426h","J426h",
"J426i","plate1-6.1","plate1-6.1~J426i","J426i",
"J427","plate1-6.1","plate1-6.1~J427","J427",
"J427a","plate1-6.1","plate1-6.1~J427a","J427a",
"J428","plate1-6.1","plate1-6.1~J428","J428",
"J428a","plate1-6.1","plate1-6.1~J428a","J428a",
"J428b","plate1-6.1","plate1-6.1~J428b","J428b",
"J428c","plate1-6.1","plate1-6.1~J428c","J428c",
"J428d","plate1-6.1","plate1-6.1~J428d","J428d",
"J428e","plate1-6.1","plate1-6.1~J428e","J428e",
"J428f","plate1-6.1","plate1-6.1~J428f","J428f",
"J428g","plate1-6.1","plate1-6.1~J428g","J428g",
"J428h","plate1-6.1","plate1-6.1~J428h","J428h",
"J428i","plate1-6.1","plate1-6.1~J428i","J428i",
"J429","plate1-6.1","plate1-6.1~J429","J429",
"J429a","plate1-6.1","plate1-6.1~J429a","J429a",
"J429b","plate1-6.1","plate1-6.1~J429b","J429b",
"J429c","plate1-6.1","plate1-6.1~J429c","J429c",
"J429d","plate1-6.1","plate1-6.1~J429d","J429d",
"J429e","plate1-6.1","plate1-6.1~J429e","J429e",
"J429f","plate1-6.1","plate1-6.1~J429f","J429f",
"J429g","plate1-6.1","plate1-6.1~J429g","J429g",
"J429h","plate1-6.1","plate1-6.1~J429h","J429h",
"J429i","plate1-6.1","plate1-6.1~J429i","J429i",
"J430","plate1-6.1","plate1-6.1~J430","J430",
"J430a","plate1-6.1","plate1-6.1~J430a","J430a",
"J430a-rep","plate1-6.1","plate1-6.1~J430a-rep","J430a",
"J430b","plate1-6.1","plate1-6.1~J430b","J430b",
"J430c","plate1-6.1","plate1-6.1~J430c","J430c",
"J430d","plate1-6.1","plate1-6.1~J430d","J430d",
"J430e","plate1-6.1","plate1-6.1~J430e","J430e",
"J430f","plate1-6.1","plate1-6.1~J430f","J430f",
"J430g","plate1-6.1","plate1-6.1~J430g","J430g",
"J430h","plate1-6.1","plate1-6.1~J430h","J430h",
"J430i","plate1-6.1","plate1-6.1~J430i","J430i",
"J431","plate1-6.1","plate1-6.1~J431","J431",
"J432","plate1-6.1","plate1-6.1~J432","J432",
"J433","plate1-6.1","plate1-6.1~J433","J433",
"J433a","plate1-6.1","plate1-6.1~J433a","J433a",
"J433b","plate1-6.1","plate1-6.1~J433b","J433b",
"J433c","plate1-6.1","plate1-6.1~J433c","J433c",
"J433d","plate1-6.1","plate1-6.1~J433d","J433d",
"J433e","plate1-6.1","plate1-6.1~J433e","J433e",
"J433f","plate1-6.1","plate1-6.1~J433f","J433f",
"J433g","plate1-6.1","plate1-6.1~J433g","J433g",
"J433h","plate1-6.1","plate1-6.1~J433h","J433h",
"J434","plate1-6.1","plate1-6.1~J434","J434",
"J434a","plate1-6.1","plate1-6.1~J434a","J434a",
"J434b","plate1-6.1","plate1-6.1~J434b","J434b",
"J435","plate1-6.1","plate1-6.1~J435","J435",
"J435a","plate1-6.1","plate1-6.1~J435a","J435a",
"J435b","plate1-6.1","plate1-6.1~J435b","J435b",
"J435c","plate1-6.1","plate1-6.1~J435c","J435c",
"J435d","plate1-6.1","plate1-6.1~J435d","J435d",
"J435e","plate1-6.1","plate1-6.1~J435e","J435e",
"J435f","plate1-6.1","plate1-6.1~J435f","J435f",
"J435g","plate1-6.1","plate1-6.1~J435g","J435g",
"J435h","plate1-6.1","plate1-6.1~J435h","J435h",
"J435i","plate1-6.1","plate1-6.1~J435i","J435i",
"J436","plate1-6.1","plate1-6.1~J436","J436",
"J436a","plate1-6.1","plate1-6.1~J436a","J436a",
"J436b","plate1-6.1","plate1-6.1~J436b","J436b",
"J436c","plate1-6.1","plate1-6.1~J436c","J436c",
"J436c-rep","plate1-6.1","plate1-6.1~J436c-rep","J436c",
"J436d","plate1-6.1","plate1-6.1~J436d","J436d",
"J436e","plate1-6.1","plate1-6.1~J436e","J436e",
"J436f","plate1-6.1","plate1-6.1~J436f","J436f",
"J436g","plate1-6.1","plate1-6.1~J436g","J436g",
"J436h","plate1-6.1","plate1-6.1~J436h","J436h",
"J436i","plate1-6.1","plate1-6.1~J436i","J436i",
"J437","plate1-6.1","plate1-6.1~J437","J437",
"J438","plate1-6.1","plate1-6.1~J438","J438",
"M1c","plate1-6.1","plate1-6.1~M1c","M1c",
"M2a","plate1-6.1","plate1-6.1~M2a","M2a",
"M2b","plate1-6.1","plate1-6.1~M2b","M2b",
"NAL05","plate1-6.1","plate1-6.1~NAL05","NAL05",
"NBJ30","plate1-6.1","plate1-6.1~NBJ30","NBJ30",
"NCD30","plate1-6.1","plate1-6.1~NCD30","NCD30",
"NCR13","plate1-6.1","plate1-6.1~NCR13","NCR13",
"NDU10","plate1-6.1","plate1-6.1~NDU10","NDU10",
"NE10467","plate1-6.1","plate1-6.1~NE10467","NE10467",
"NE25923","plate1-6.1","plate1-6.1~NE25923","NE25923",
"NE25953","plate1-6.1","plate1-6.1~NE25953","NE25953",
"NE35955","plate1-6.1","plate1-6.1~NE35955","NE35955",
"NE35959","plate1-6.1","plate1-6.1~NE35959","NE35959",
"NE36811","plate1-6.1","plate1-6.1~NE36811","NE36811",
"NE37169","plate1-6.1","plate1-6.1~NE37169","NE37169",
"NE37647","plate1-6.1","plate1-6.1~NE37647","NE37647",
"NE4583","plate1-6.1","plate1-6.1~NE4583","NE4583",
"NE67754","plate1-6.1","plate1-6.1~NE67754","NE67754",
"NE90535","plate1-6.1","plate1-6.1~NE90535","NE90535",
"RA1006","plate1-6.1","plate1-6.1~RA1006","RA1006",
"RA1007","plate1-6.1","plate1-6.1~RA1007","RA1007",
"TLC715","plate1-6.1","plate1-6.1~TLC715","TLC715",
"TLC720","plate1-6.1","plate1-6.1~TLC720","TLC720",
"TLC725","plate1-6.1","plate1-6.1~TLC725","TLC725",
"TLC726","plate1-6.1","plate1-6.1~TLC726","TLC726",
"TLC775","plate1-6.1","plate1-6.1~TLC775","TLC775",
"VMA18","plate1-6.1","plate1-6.1~VMA18","VMA18",
"VWG14","plate1-6.1","plate1-6.1~VWG14","VWG14",
"blank_31","plate1-6.1","plate1-6.1~blank_31","NA",
"blank_32","plate1-6.1","plate1-6.1~blank_32","NA",
"blank_41","plate1-6.1","plate1-6.1~blank_41","NA",
"blank_42","plate1-6.1","plate1-6.1~blank_42","NA",
"blank_51","plate1-6.1","plate1-6.1~blank_51","NA",
"blank_52","plate1-6.1","plate1-6.1~blank_52","NA",
"blank_61","plate1-6.1","plate1-6.1~blank_61","NA",
"blank_62","plate1-6.1","plate1-6.1~blank_62","NA",
"Blank_11","plate1-6.2","plate1-6.2~Blank_11","NA",
"Blank_12","plate1-6.2","plate1-6.2~Blank_12","NA",
"Blank_21","plate1-6.2","plate1-6.2~Blank_21","NA",
"FDK10","plate1-6.2","plate1-6.2~FDK10","FDK10",
"GH1","plate1-6.2","plate1-6.2~GH1","GH1",
"GH2","plate1-6.2","plate1-6.2~GH2","GH2",
"J293","plate1-6.2","plate1-6.2~J293","J293",
"J294","plate1-6.2","plate1-6.2~J294","J294",
"J295","plate1-6.2","plate1-6.2~J295","J295",
"J295rep","plate1-6.2","plate1-6.2~J295rep","J295",
"J296","plate1-6.2","plate1-6.2~J296","J296",
"J298","plate1-6.2","plate1-6.2~J298","J298",
"J300","plate1-6.2","plate1-6.2~J300","J300",
"J301","plate1-6.2","plate1-6.2~J301","J301",
"J302","plate1-6.2","plate1-6.2~J302","J302",
"J303","plate1-6.2","plate1-6.2~J303","J303",
"J304","plate1-6.2","plate1-6.2~J304","J304",
"J307","plate1-6.2","plate1-6.2~J307","J307",
"J310","plate1-6.2","plate1-6.2~J310","J310",
"J311","plate1-6.2","plate1-6.2~J311","J311",
"J312","plate1-6.2","plate1-6.2~J312","J312",
"J315","plate1-6.2","plate1-6.2~J315","J315",
"J316","plate1-6.2","plate1-6.2~J316","J316",
"J317","plate1-6.2","plate1-6.2~J317","J317",
"J318","plate1-6.2","plate1-6.2~J318","J318",
"J319","plate1-6.2","plate1-6.2~J319","J319",
"J320","plate1-6.2","plate1-6.2~J320","J320",
"J321g","plate1-6.2","plate1-6.2~J321g","J321g",
"J322","plate1-6.2","plate1-6.2~J322","J322",
"J324","plate1-6.2","plate1-6.2~J324","J324",
"J326","plate1-6.2","plate1-6.2~J326","J326",
"J327","plate1-6.2","plate1-6.2~J327","J327",
"J328","plate1-6.2","plate1-6.2~J328","J328",
"J329","plate1-6.2","plate1-6.2~J329","J329",
"J330","plate1-6.2","plate1-6.2~J330","J330",
"J331","plate1-6.2","plate1-6.2~J331","J331",
"J333","plate1-6.2","plate1-6.2~J333","J333",
"J333_plus","plate1-6.2","plate1-6.2~J333_plus","J333",
"J333a","plate1-6.2","plate1-6.2~J333a","J333a",
"J334","plate1-6.2","plate1-6.2~J334","J334",
"J335","plate1-6.2","plate1-6.2~J335","J335",
"J338","plate1-6.2","plate1-6.2~J338","J338",
"J339","plate1-6.2","plate1-6.2~J339","J339",
"J340","plate1-6.2","plate1-6.2~J340","J340",
"J341","plate1-6.2","plate1-6.2~J341","J341",
"J341a","plate1-6.2","plate1-6.2~J341a","J341a",
"J341b","plate1-6.2","plate1-6.2~J341b","J341b",
"J341c","plate1-6.2","plate1-6.2~J341c","J341c",
"J341d","plate1-6.2","plate1-6.2~J341d","J341d",
"J342","plate1-6.2","plate1-6.2~J342","J342",
"J342a","plate1-6.2","plate1-6.2~J342a","J342a",
"J342arep","plate1-6.2","plate1-6.2~J342arep","J342a",
"J342b","plate1-6.2","plate1-6.2~J342b","J342b",
"J342c","plate1-6.2","plate1-6.2~J342c","J342c",
"J342d","plate1-6.2","plate1-6.2~J342d","J342d",
"J343","plate1-6.2","plate1-6.2~J343","J343",
"J344","plate1-6.2","plate1-6.2~J344","J344",
"J345","plate1-6.2","plate1-6.2~J345","J345",
"J345_plus","plate1-6.2","plate1-6.2~J345_plus","J345",
"J345a","plate1-6.2","plate1-6.2~J345a","J345a",
"J345d","plate1-6.2","plate1-6.2~J345d","J345d",
"J346","plate1-6.2","plate1-6.2~J346","J346",
"J347","plate1-6.2","plate1-6.2~J347","J347",
"J348","plate1-6.2","plate1-6.2~J348","J348",
"J349","plate1-6.2","plate1-6.2~J349","J349",
"J349a","plate1-6.2","plate1-6.2~J349a","J349a",
"J349b","plate1-6.2","plate1-6.2~J349b","J349b",
"J349d","plate1-6.2","plate1-6.2~J349d","J349d",
"J349e","plate1-6.2","plate1-6.2~J349e","J349e",
"J349f","plate1-6.2","plate1-6.2~J349f","J349f",
"J349g","plate1-6.2","plate1-6.2~J349g","J349g",
"J349h","plate1-6.2","plate1-6.2~J349h","J349h",
"J349i","plate1-6.2","plate1-6.2~J349i","J349i",
"J349j","plate1-6.2","plate1-6.2~J349j","J349j",
"J350","plate1-6.2","plate1-6.2~J350","J350",
"J350a","plate1-6.2","plate1-6.2~J350a","J350a",
"J350b","plate1-6.2","plate1-6.2~J350b","J350b",
"J350c","plate1-6.2","plate1-6.2~J350c","J350c",
"J350d","plate1-6.2","plate1-6.2~J350d","J350d",
"J350e","plate1-6.2","plate1-6.2~J350e","J350e",
"J350f","plate1-6.2","plate1-6.2~J350f","J350f",
"J350g","plate1-6.2","plate1-6.2~J350g","J350g",
"J350h","plate1-6.2","plate1-6.2~J350h","J350h",
"J350i","plate1-6.2","plate1-6.2~J350i","J350i",
"J351","plate1-6.2","plate1-6.2~J351","J351",
"J351_plus","plate1-6.2","plate1-6.2~J351_plus","J351",
"J352","plate1-6.2","plate1-6.2~J352","J352",
"J352a","plate1-6.2","plate1-6.2~J352a","J352a",
"J352b","plate1-6.2","plate1-6.2~J352b","J352b",
"J352c","plate1-6.2","plate1-6.2~J352c","J352c",
"J352d","plate1-6.2","plate1-6.2~J352d","J352d",
"J352e","plate1-6.2","plate1-6.2~J352e","J352e",
"J352f","plate1-6.2","plate1-6.2~J352f","J352f",
"J352g","plate1-6.2","plate1-6.2~J352g","J352g",
"J352h","plate1-6.2","plate1-6.2~J352h","J352h",
"J352i","plate1-6.2","plate1-6.2~J352i","J352i",
"J353","plate1-6.2","plate1-6.2~J353","J353",
"J354","plate1-6.2","plate1-6.2~J354","J354",
"J355","plate1-6.2","plate1-6.2~J355","J355",
"J355a","plate1-6.2","plate1-6.2~J355a","J355a",
"J355b","plate1-6.2","plate1-6.2~J355b","J355b",
"J355c","plate1-6.2","plate1-6.2~J355c","J355c",
"J355d","plate1-6.2","plate1-6.2~J355d","J355d",
"J355e","plate1-6.2","plate1-6.2~J355e","J355e",
"J355f","plate1-6.2","plate1-6.2~J355f","J355f",
"J355g","plate1-6.2","plate1-6.2~J355g","J355g",
"J357","plate1-6.2","plate1-6.2~J357","J357",
"J358","plate1-6.2","plate1-6.2~J358","J358",
"J359","plate1-6.2","plate1-6.2~J359","J359",
"J359a","plate1-6.2","plate1-6.2~J359a","J359a",
"J359b","plate1-6.2","plate1-6.2~J359b","J359b",
"J359c","plate1-6.2","plate1-6.2~J359c","J359c",
"J359d","plate1-6.2","plate1-6.2~J359d","J359d",
"J359e","plate1-6.2","plate1-6.2~J359e","J359e",
"J359g","plate1-6.2","plate1-6.2~J359g","J359g",
"J359h","plate1-6.2","plate1-6.2~J359h","J359h",
"J359i","plate1-6.2","plate1-6.2~J359i","J359i",
"J360","plate1-6.2","plate1-6.2~J360","J360",
"J361","plate1-6.2","plate1-6.2~J361","J361",
"J361a","plate1-6.2","plate1-6.2~J361a","J361a",
"J361b","plate1-6.2","plate1-6.2~J361b","J361b",
"J361c","plate1-6.2","plate1-6.2~J361c","J361c",
"J361d","plate1-6.2","plate1-6.2~J361d","J361d",
"J361e","plate1-6.2","plate1-6.2~J361e","J361e",
"J361f","plate1-6.2","plate1-6.2~J361f","J361f",
"J361g","plate1-6.2","plate1-6.2~J361g","J361g",
"J361h","plate1-6.2","plate1-6.2~J361h","J361h",
"J361i","plate1-6.2","plate1-6.2~J361i","J361i",
"J362","plate1-6.2","plate1-6.2~J362","J362",
"J362_young","plate1-6.2","plate1-6.2~J362_young","J362",
"J362a","plate1-6.2","plate1-6.2~J362a","J362a",
"J362b","plate1-6.2","plate1-6.2~J362b","J362b",
"J363","plate1-6.2","plate1-6.2~J363","J363",
"J363_plus","plate1-6.2","plate1-6.2~J363_plus","J363",
"J364","plate1-6.2","plate1-6.2~J364","J364",
"J365","plate1-6.2","plate1-6.2~J365","J365",
"J366","plate1-6.2","plate1-6.2~J366","J366",
"J366_plus","plate1-6.2","plate1-6.2~J366_plus","J366",
"J367","plate1-6.2","plate1-6.2~J367","J367",
"J367a","plate1-6.2","plate1-6.2~J367a","J367a",
"J367b","plate1-6.2","plate1-6.2~J367b","J367b",
"J367c","plate1-6.2","plate1-6.2~J367c","J367c",
"J367d","plate1-6.2","plate1-6.2~J367d","J367d",
"J367e","plate1-6.2","plate1-6.2~J367e","J367e",
"J367f","plate1-6.2","plate1-6.2~J367f","J367f",
"J367g","plate1-6.2","plate1-6.2~J367g","J367g",
"J367h","plate1-6.2","plate1-6.2~J367h","J367h",
"J367i","plate1-6.2","plate1-6.2~J367i","J367i",
"J368","plate1-6.2","plate1-6.2~J368","J368",
"J369","plate1-6.2","plate1-6.2~J369","J369",
"J370","plate1-6.2","plate1-6.2~J370","J370",
"J371","plate1-6.2","plate1-6.2~J371","J371",
"J372","plate1-6.2","plate1-6.2~J372","J372",
"J373","plate1-6.2","plate1-6.2~J373","J373",
"J374","plate1-6.2","plate1-6.2~J374","J374",
"J374a","plate1-6.2","plate1-6.2~J374a","J374a",
"J374b","plate1-6.2","plate1-6.2~J374b","J374b",
"J374c","plate1-6.2","plate1-6.2~J374c","J374c",
"J374d","plate1-6.2","plate1-6.2~J374d","J374d",
"J374e","plate1-6.2","plate1-6.2~J374e","J374e",
"J374f","plate1-6.2","plate1-6.2~J374f","J374f",
"J374g","plate1-6.2","plate1-6.2~J374g","J374g",
"J374h","plate1-6.2","plate1-6.2~J374h","J374h",
"J374i","plate1-6.2","plate1-6.2~J374i","J374i",
"J375","plate1-6.2","plate1-6.2~J375","J375",
"J375rep1","plate1-6.2","plate1-6.2~J375rep1","J375",
"J376","plate1-6.2","plate1-6.2~J376","J376",
"J376a","plate1-6.2","plate1-6.2~J376a","J376a",
"J376arep","plate1-6.2","plate1-6.2~J376arep","J376a",
"J376b","plate1-6.2","plate1-6.2~J376b","J376b",
"J376c","plate1-6.2","plate1-6.2~J376c","J376c",
"J376d","plate1-6.2","plate1-6.2~J376d","J376d",
"J376e","plate1-6.2","plate1-6.2~J376e","J376e",
"J376f","plate1-6.2","plate1-6.2~J376f","J376f",
"J376g","plate1-6.2","plate1-6.2~J376g","J376g",
"J376h","plate1-6.2","plate1-6.2~J376h","J376h",
"J376i","plate1-6.2","plate1-6.2~J376i","J376i",
"J377","plate1-6.2","plate1-6.2~J377","J377",
"J377a","plate1-6.2","plate1-6.2~J377a","J377a",
"J377b","plate1-6.2","plate1-6.2~J377b","J377b",
"J377c","plate1-6.2","plate1-6.2~J377c","J377c",
"J377d","plate1-6.2","plate1-6.2~J377d","J377d",
"J377e","plate1-6.2","plate1-6.2~J377e","J377e",
"J377erep","plate1-6.2","plate1-6.2~J377erep","J377e",
"J377g","plate1-6.2","plate1-6.2~J377g","J377g",
"J377h","plate1-6.2","plate1-6.2~J377h","J377h",
"J377i","plate1-6.2","plate1-6.2~J377i","J377i",
"J379","plate1-6.2","plate1-6.2~J379","J379",
"J381","plate1-6.2","plate1-6.2~J381","J381",
"J382a","plate1-6.2","plate1-6.2~J382a","J382a",
"J382b","plate1-6.2","plate1-6.2~J382b","J382b",
"J382c","plate1-6.2","plate1-6.2~J382c","J382c",
"J382d","plate1-6.2","plate1-6.2~J382d","J382d",
"J382e","plate1-6.2","plate1-6.2~J382e","J382e",
"J382f","plate1-6.2","plate1-6.2~J382f","J382f",
"J382g","plate1-6.2","plate1-6.2~J382g","J382g",
"J382h","plate1-6.2","plate1-6.2~J382h","J382h",
"J382i","plate1-6.2","plate1-6.2~J382i","J382i",
"J383","plate1-6.2","plate1-6.2~J383","J383",
"J385","plate1-6.2","plate1-6.2~J385","J385",
"J385a","plate1-6.2","plate1-6.2~J385a","J385a",
"J385b","plate1-6.2","plate1-6.2~J385b","J385b",
"J385c","plate1-6.2","plate1-6.2~J385c","J385c",
"J385d","plate1-6.2","plate1-6.2~J385d","J385d",
"J385e","plate1-6.2","plate1-6.2~J385e","J385e",
"J385f","plate1-6.2","plate1-6.2~J385f","J385f",
"J385g","plate1-6.2","plate1-6.2~J385g","J385g",
"J385h","plate1-6.2","plate1-6.2~J385h","J385h",
"J385i","plate1-6.2","plate1-6.2~J385i","J385i",
"J385rep","plate1-6.2","plate1-6.2~J385rep","J385",
"J386","plate1-6.2","plate1-6.2~J386","J386",
"J386a","plate1-6.2","plate1-6.2~J386a","J386a",
"J386b","plate1-6.2","plate1-6.2~J386b","J386b",
"J386c","plate1-6.2","plate1-6.2~J386c","J386c",
"J386d","plate1-6.2","plate1-6.2~J386d","J386d",
"J386e","plate1-6.2","plate1-6.2~J386e","J386e",
"J386f","plate1-6.2","plate1-6.2~J386f","J386f",
"J386g","plate1-6.2","plate1-6.2~J386g","J386g",
"J386h","plate1-6.2","plate1-6.2~J386h","J386h",
"J386i","plate1-6.2","plate1-6.2~J386i","J386i",
"J387","plate1-6.2","plate1-6.2~J387","J387",
"J387a","plate1-6.2","plate1-6.2~J387a","J387a",
"J387b","plate1-6.2","plate1-6.2~J387b","J387b",
"J387c","plate1-6.2","plate1-6.2~J387c","J387c",
"J387d","plate1-6.2","plate1-6.2~J387d","J387d",
"J387e","plate1-6.2","plate1-6.2~J387e","J387e",
"J387f","plate1-6.2","plate1-6.2~J387f","J387f",
"J387g","plate1-6.2","plate1-6.2~J387g","J387g",
"J387h","plate1-6.2","plate1-6.2~J387h","J387h",
"J387i","plate1-6.2","plate1-6.2~J387i","J387i",
"J388","plate1-6.2","plate1-6.2~J388","J388",
"J388a","plate1-6.2","plate1-6.2~J388a","J388a",
"J388b","plate1-6.2","plate1-6.2~J388b","J388b",
"J388c","plate1-6.2","plate1-6.2~J388c","J388c",
"J388d","plate1-6.2","plate1-6.2~J388d","J388d",
"J388e","plate1-6.2","plate1-6.2~J388e","J388e",
"J388f","plate1-6.2","plate1-6.2~J388f","J388f",
"J388g","plate1-6.2","plate1-6.2~J388g","J388g",
"J388h","plate1-6.2","plate1-6.2~J388h","J388h",
"J388i","plate1-6.2","plate1-6.2~J388i","J388i",
"J389","plate1-6.2","plate1-6.2~J389","J389",
"J390","plate1-6.2","plate1-6.2~J390","J390",
"J390a","plate1-6.2","plate1-6.2~J390a","J390a",
"J390arep","plate1-6.2","plate1-6.2~J390arep","J390a",
"J390b","plate1-6.2","plate1-6.2~J390b","J390b",
"J392","plate1-6.2","plate1-6.2~J392","J392",
"J393","plate1-6.2","plate1-6.2~J393","J393",
"J393a","plate1-6.2","plate1-6.2~J393a","J393a",
"J393b","plate1-6.2","plate1-6.2~J393b","J393b",
"J393c","plate1-6.2","plate1-6.2~J393c","J393c",
"J393d","plate1-6.2","plate1-6.2~J393d","J393d",
"J393e","plate1-6.2","plate1-6.2~J393e","J393e",
"J393f","plate1-6.2","plate1-6.2~J393f","J393f",
"J393g","plate1-6.2","plate1-6.2~J393g","J393g",
"J393h","plate1-6.2","plate1-6.2~J393h","J393h",
"J393i","plate1-6.2","plate1-6.2~J393i","J393i",
"J394","plate1-6.2","plate1-6.2~J394","J394",
"J394a","plate1-6.2","plate1-6.2~J394a","J394a",
"J394b","plate1-6.2","plate1-6.2~J394b","J394b",
"J394c","plate1-6.2","plate1-6.2~J394c","J394c",
"J394d","plate1-6.2","plate1-6.2~J394d","J394d",
"J394e","plate1-6.2","plate1-6.2~J394e","J394e",
"J394f","plate1-6.2","plate1-6.2~J394f","J394f",
"J394g","plate1-6.2","plate1-6.2~J394g","J394g",
"J395","plate1-6.2","plate1-6.2~J395","J395",
"J395A","plate1-6.2","plate1-6.2~J395A","J395a",
"J395B","plate1-6.2","plate1-6.2~J395B","J395b",
"J395C","plate1-6.2","plate1-6.2~J395C","J395c",
"J395D","plate1-6.2","plate1-6.2~J395D","J395d",
"J395E","plate1-6.2","plate1-6.2~J395E","J395e",
"J395H","plate1-6.2","plate1-6.2~J395H","J395h",
"J397","plate1-6.2","plate1-6.2~J397","J397",
"J398","plate1-6.2","plate1-6.2~J398","J398",
"J399","plate1-6.2","plate1-6.2~J399","J399",
"J400","plate1-6.2","plate1-6.2~J400","J400",
"J401","plate1-6.2","plate1-6.2~J401","J401",
"J401a","plate1-6.2","plate1-6.2~J401a","J401a",
"J401b","plate1-6.2","plate1-6.2~J401b","J401b",
"J401c","plate1-6.2","plate1-6.2~J401c","J401c",
"J401d","plate1-6.2","plate1-6.2~J401d","J401d",
"J401e","plate1-6.2","plate1-6.2~J401e","J401e",
"J401f","plate1-6.2","plate1-6.2~J401f","J401f",
"J401g","plate1-6.2","plate1-6.2~J401g","J401g",
"J401h","plate1-6.2","plate1-6.2~J401h","J401h",
"J402","plate1-6.2","plate1-6.2~J402","J402",
"J403","plate1-6.2","plate1-6.2~J403","J403",
"J404","plate1-6.2","plate1-6.2~J404","J404",
"J405","plate1-6.2","plate1-6.2~J405","J405",
"J405a","plate1-6.2","plate1-6.2~J405a","J405a",
"J405b","plate1-6.2","plate1-6.2~J405b","J405b",
"J405c","plate1-6.2","plate1-6.2~J405c","J405c",
"J405d","plate1-6.2","plate1-6.2~J405d","J405d",
"J405e","plate1-6.2","plate1-6.2~J405e","J405e",
"J405f","plate1-6.2","plate1-6.2~J405f","J405f",
"J405g","plate1-6.2","plate1-6.2~J405g","J405g",
"J405h","plate1-6.2","plate1-6.2~J405h","J405h",
"J405i","plate1-6.2","plate1-6.2~J405i","J405i",
"J406","plate1-6.2","plate1-6.2~J406","J406",
"J406a","plate1-6.2","plate1-6.2~J406a","J406a",
"J406b","plate1-6.2","plate1-6.2~J406b","J406b",
"J406c","plate1-6.2","plate1-6.2~J406c","J406c",
"J406d","plate1-6.2","plate1-6.2~J406d","J406d",
"J406e","plate1-6.2","plate1-6.2~J406e","J406e",
"J406f","plate1-6.2","plate1-6.2~J406f","J406f",
"J406g","plate1-6.2","plate1-6.2~J406g","J406g",
"J406h","plate1-6.2","plate1-6.2~J406h","J406h",
"J406i","plate1-6.2","plate1-6.2~J406i","J406i",
"J407","plate1-6.2","plate1-6.2~J407","J407",
"J408","plate1-6.2","plate1-6.2~J408","J408",
"J411","plate1-6.2","plate1-6.2~J411","J411",
"J412","plate1-6.2","plate1-6.2~J412","J412",
"J413","plate1-6.2","plate1-6.2~J413","J413",
"J413a","plate1-6.2","plate1-6.2~J413a","J413a",
"J413c","plate1-6.2","plate1-6.2~J413c","J413c",
"J413f","plate1-6.2","plate1-6.2~J413f","J413f",
"J414","plate1-6.2","plate1-6.2~J414","J414",
"J414a","plate1-6.2","plate1-6.2~J414a","J414a",
"J414b","plate1-6.2","plate1-6.2~J414b","J414b",
"J414c","plate1-6.2","plate1-6.2~J414c","J414c",
"J416","plate1-6.2","plate1-6.2~J416","J416",
"J416a","plate1-6.2","plate1-6.2~J416a","J416a",
"J416b","plate1-6.2","plate1-6.2~J416b","J416b",
"J416c","plate1-6.2","plate1-6.2~J416c","J416c",
"J416d","plate1-6.2","plate1-6.2~J416d","J416d",
"J416e","plate1-6.2","plate1-6.2~J416e","J416e",
"J416f","plate1-6.2","plate1-6.2~J416f","J416f",
"J416g","plate1-6.2","plate1-6.2~J416g","J416g",
"J416h","plate1-6.2","plate1-6.2~J416h","J416h",
"J416i","plate1-6.2","plate1-6.2~J416i","J416i",
"J417","plate1-6.2","plate1-6.2~J417","J417",
"J418","plate1-6.2","plate1-6.2~J418","J418",
"J418a","plate1-6.2","plate1-6.2~J418a","J418a",
"J418b","plate1-6.2","plate1-6.2~J418b","J418b",
"J418c","plate1-6.2","plate1-6.2~J418c","J418c",
"J418e","plate1-6.2","plate1-6.2~J418e","J418e",
"J418g","plate1-6.2","plate1-6.2~J418g","J418g",
"J418h","plate1-6.2","plate1-6.2~J418h","J418h",
"J418i","plate1-6.2","plate1-6.2~J418i","J418i",
"J419","plate1-6.2","plate1-6.2~J419","J419",
"J419a","plate1-6.2","plate1-6.2~J419a","J419a",
"J419b","plate1-6.2","plate1-6.2~J419b","J419b",
"J419c","plate1-6.2","plate1-6.2~J419c","J419c",
"J419d","plate1-6.2","plate1-6.2~J419d","J419d",
"J419e","plate1-6.2","plate1-6.2~J419e","J419e",
"J419f","plate1-6.2","plate1-6.2~J419f","J419f",
"J419g","plate1-6.2","plate1-6.2~J419g","J419g",
"J419h","plate1-6.2","plate1-6.2~J419h","J419h",
"J419i","plate1-6.2","plate1-6.2~J419i","J419i",
"J420","plate1-6.2","plate1-6.2~J420","J420",
"J421","plate1-6.2","plate1-6.2~J421","J421",
"J421b","plate1-6.2","plate1-6.2~J421b","J421b",
"J422","plate1-6.2","plate1-6.2~J422","J422",
"J422a","plate1-6.2","plate1-6.2~J422a","J422a",
"J422c","plate1-6.2","plate1-6.2~J422c","J422c",
"J422e","plate1-6.2","plate1-6.2~J422e","J422e",
"J422erep","plate1-6.2","plate1-6.2~J422erep","J422e",
"J422f","plate1-6.2","plate1-6.2~J422f","J422f",
"J422g","plate1-6.2","plate1-6.2~J422g","J422g",
"J423","plate1-6.2","plate1-6.2~J423","J423",
"J424","plate1-6.2","plate1-6.2~J424","J424",
"J424a","plate1-6.2","plate1-6.2~J424a","J424a",
"J424b","plate1-6.2","plate1-6.2~J424b","J424b",
"J424c","plate1-6.2","plate1-6.2~J424c","J424c",
"J424d","plate1-6.2","plate1-6.2~J424d","J424d",
"J424e","plate1-6.2","plate1-6.2~J424e","J424e",
"J424f","plate1-6.2","plate1-6.2~J424f","J424f",
"J424g","plate1-6.2","plate1-6.2~J424g","J424g",
"J425","plate1-6.2","plate1-6.2~J425","J425",
"J425a","plate1-6.2","plate1-6.2~J425a","J425a",
"J425b","plate1-6.2","plate1-6.2~J425b","J425b",
"J425c","plate1-6.2","plate1-6.2~J425c","J425c",
"J425d","plate1-6.2","plate1-6.2~J425d","J425d",
"J425e","plate1-6.2","plate1-6.2~J425e","J425e",
"J425f","plate1-6.2","plate1-6.2~J425f","J425f",
"J425g","plate1-6.2","plate1-6.2~J425g","J425g",
"J425h","plate1-6.2","plate1-6.2~J425h","J425h",
"J425i","plate1-6.2","plate1-6.2~J425i","J425i",
"J426","plate1-6.2","plate1-6.2~J426","J426",
"J426a","plate1-6.2","plate1-6.2~J426a","J426a",
"J426b","plate1-6.2","plate1-6.2~J426b","J426b",
"J426c","plate1-6.2","plate1-6.2~J426c","J426c",
"J426d","plate1-6.2","plate1-6.2~J426d","J426d",
"J426f","plate1-6.2","plate1-6.2~J426f","J426f",
"J426g","plate1-6.2","plate1-6.2~J426g","J426g",
"J426h","plate1-6.2","plate1-6.2~J426h","J426h",
"J426i","plate1-6.2","plate1-6.2~J426i","J426i",
"J427","plate1-6.2","plate1-6.2~J427","J427",
"J427a","plate1-6.2","plate1-6.2~J427a","J427a",
"J428","plate1-6.2","plate1-6.2~J428","J428",
"J428a","plate1-6.2","plate1-6.2~J428a","J428a",
"J428b","plate1-6.2","plate1-6.2~J428b","J428b",
"J428c","plate1-6.2","plate1-6.2~J428c","J428c",
"J428d","plate1-6.2","plate1-6.2~J428d","J428d",
"J428e","plate1-6.2","plate1-6.2~J428e","J428e",
"J428f","plate1-6.2","plate1-6.2~J428f","J428f",
"J428g","plate1-6.2","plate1-6.2~J428g","J428g",
"J428h","plate1-6.2","plate1-6.2~J428h","J428h",
"J428i","plate1-6.2","plate1-6.2~J428i","J428i",
"J429","plate1-6.2","plate1-6.2~J429","J429",
"J429a","plate1-6.2","plate1-6.2~J429a","J429a",
"J429b","plate1-6.2","plate1-6.2~J429b","J429b",
"J429c","plate1-6.2","plate1-6.2~J429c","J429c",
"J429d","plate1-6.2","plate1-6.2~J429d","J429d",
"J429e","plate1-6.2","plate1-6.2~J429e","J429e",
"J429f","plate1-6.2","plate1-6.2~J429f","J429f",
"J429g","plate1-6.2","plate1-6.2~J429g","J429g",
"J429h","plate1-6.2","plate1-6.2~J429h","J429h",
"J429i","plate1-6.2","plate1-6.2~J429i","J429i",
"J430","plate1-6.2","plate1-6.2~J430","J430",
"J430a","plate1-6.2","plate1-6.2~J430a","J430a",
"J430arep","plate1-6.2","plate1-6.2~J430arep","J430a",
"J430b","plate1-6.2","plate1-6.2~J430b","J430b",
"J430c","plate1-6.2","plate1-6.2~J430c","J430c",
"J430d","plate1-6.2","plate1-6.2~J430d","J430d",
"J430e","plate1-6.2","plate1-6.2~J430e","J430e",
"J430f","plate1-6.2","plate1-6.2~J430f","J430f",
"J430g","plate1-6.2","plate1-6.2~J430g","J430g",
"J430h","plate1-6.2","plate1-6.2~J430h","J430h",
"J430i","plate1-6.2","plate1-6.2~J430i","J430i",
"J431","plate1-6.2","plate1-6.2~J431","J431",
"J432","plate1-6.2","plate1-6.2~J432","J432",
"J433","plate1-6.2","plate1-6.2~J433","J433",
"J433a","plate1-6.2","plate1-6.2~J433a","J433a",
"J433b","plate1-6.2","plate1-6.2~J433b","J433b",
"J433c","plate1-6.2","plate1-6.2~J433c","J433c",
"J433d","plate1-6.2","plate1-6.2~J433d","J433d",
"J433e","plate1-6.2","plate1-6.2~J433e","J433e",
"J433f","plate1-6.2","plate1-6.2~J433f","J433f",
"J433g","plate1-6.2","plate1-6.2~J433g","J433g",
"J433h","plate1-6.2","plate1-6.2~J433h","J433h",
"J434","plate1-6.2","plate1-6.2~J434","J434",
"J434a","plate1-6.2","plate1-6.2~J434a","J434a",
"J434b","plate1-6.2","plate1-6.2~J434b","J434b",
"J435","plate1-6.2","plate1-6.2~J435","J435",
"J435a","plate1-6.2","plate1-6.2~J435a","J435a",
"J435b","plate1-6.2","plate1-6.2~J435b","J435b",
"J435c","plate1-6.2","plate1-6.2~J435c","J435c",
"J435d","plate1-6.2","plate1-6.2~J435d","J435d",
"J435e","plate1-6.2","plate1-6.2~J435e","J435e",
"J435f","plate1-6.2","plate1-6.2~J435f","J435f",
"J435g","plate1-6.2","plate1-6.2~J435g","J435g",
"J435h","plate1-6.2","plate1-6.2~J435h","J435h",
"J435i","plate1-6.2","plate1-6.2~J435i","J435i",
"J436","plate1-6.2","plate1-6.2~J436","J436",
"J436a","plate1-6.2","plate1-6.2~J436a","J436a",
"J436b","plate1-6.2","plate1-6.2~J436b","J436b",
"J436c","plate1-6.2","plate1-6.2~J436c","J436c",
"J436crep","plate1-6.2","plate1-6.2~J436crep","J436c",
"J436d","plate1-6.2","plate1-6.2~J436d","J436d",
"J436e","plate1-6.2","plate1-6.2~J436e","J436e",
"J436f","plate1-6.2","plate1-6.2~J436f","J436f",
"J436g","plate1-6.2","plate1-6.2~J436g","J436g",
"J436h","plate1-6.2","plate1-6.2~J436h","J436h",
"J436i","plate1-6.2","plate1-6.2~J436i","J436i",
"J437","plate1-6.2","plate1-6.2~J437","J437",
"J438","plate1-6.2","plate1-6.2~J438","J438",
"M1c","plate1-6.2","plate1-6.2~M1c","M1c",
"M2a","plate1-6.2","plate1-6.2~M2a","M2a",
"M2b","plate1-6.2","plate1-6.2~M2b","M2b",
"NAL05","plate1-6.2","plate1-6.2~NAL05","NAL05",
"NBJ30","plate1-6.2","plate1-6.2~NBJ30","NBJ30",
"NCD30","plate1-6.2","plate1-6.2~NCD30","NCD30",
"NCR13","plate1-6.2","plate1-6.2~NCR13","NCR13",
"NDU10","plate1-6.2","plate1-6.2~NDU10","NDU10",
"NE10467","plate1-6.2","plate1-6.2~NE10467","NE10467",
"NE25923","plate1-6.2","plate1-6.2~NE25923","NE25923",
"NE25953","plate1-6.2","plate1-6.2~NE25953","NE25953",
"NE35955","plate1-6.2","plate1-6.2~NE35955","NE35955",
"NE35959","plate1-6.2","plate1-6.2~NE35959","NE35959",
"NE36811","plate1-6.2","plate1-6.2~NE36811","NE36811",
"NE37169","plate1-6.2","plate1-6.2~NE37169","NE37169",
"NE37647","plate1-6.2","plate1-6.2~NE37647","NE37647",
"NE4583","plate1-6.2","plate1-6.2~NE4583","NE4583",
"NE67754","plate1-6.2","plate1-6.2~NE67754","NE67754",
"NE90535","plate1-6.2","plate1-6.2~NE90535","NE90535",
"RA1006","plate1-6.2","plate1-6.2~RA1006","RA1006",
"RA1007","plate1-6.2","plate1-6.2~RA1007","RA1007",
"TLC715","plate1-6.2","plate1-6.2~TLC715","TLC715",
"TLC720","plate1-6.2","plate1-6.2~TLC720","TLC720",
"TLC725","plate1-6.2","plate1-6.2~TLC725","TLC725",
"TLC726","plate1-6.2","plate1-6.2~TLC726","TLC726",
"TLC775","plate1-6.2","plate1-6.2~TLC775","TLC775",
"VMA18","plate1-6.2","plate1-6.2~VMA18","VMA18",
"VWG14","plate1-6.2","plate1-6.2~VWG14","VWG14",
"blank_31","plate1-6.2","plate1-6.2~blank_31","NA",
"blank_32","plate1-6.2","plate1-6.2~blank_32","NA",
"blank_41","plate1-6.2","plate1-6.2~blank_41","NA",
"blank_42","plate1-6.2","plate1-6.2~blank_42","NA",
"blank_51","plate1-6.2","plate1-6.2~blank_51","NA",
"blank_52","plate1-6.2","plate1-6.2~blank_52","NA",
"blank_61","plate1-6.2","plate1-6.2~blank_61","NA",
"blank_62","plate1-6.2","plate1-6.2~blank_62","NA",
"Blank1-NextRAD","plate1.1","plate1.1~Blank1-NextRAD","NA",
"Blank1-WGS","plate1.1","plate1.1~Blank1-WGS","NA",
"Blank2-NextRAD","plate1.1","plate1.1~Blank2-NextRAD","NA",
"Blank2-WGS","plate1.1","plate1.1~Blank2-WGS","NA",
"FDK10-NextRAD","plate1.1","plate1.1~FDK10-NextRAD","FDK10",
"FDK10-WGS","plate1.1","plate1.1~FDK10-WGS","FDK10",
"J294-NextRAD","plate1.1","plate1.1~J294-NextRAD","J294",
"J294-WGS","plate1.1","plate1.1~J294-WGS","J294",
"J296-NextRAD","plate1.1","plate1.1~J296-NextRAD","J296",
"J296-WGS","plate1.1","plate1.1~J296-WGS","J296",
"J298-NextRAD","plate1.1","plate1.1~J298-NextRAD","J298",
"J298-WGS","plate1.1","plate1.1~J298-WGS","J298",
"J301-NextRAD","plate1.1","plate1.1~J301-NextRAD","J301",
"J301-WGS","plate1.1","plate1.1~J301-WGS","J301",
"J303-NextRAD","plate1.1","plate1.1~J303-NextRAD","J303",
"J303-WGS","plate1.1","plate1.1~J303-WGS","J303",
"J307-NextRAD","plate1.1","plate1.1~J307-NextRAD","J307",
"J307-WGS","plate1.1","plate1.1~J307-WGS","J307",
"J310-NextRAD","plate1.1","plate1.1~J310-NextRAD","J310",
"J310-WGS","plate1.1","plate1.1~J310-WGS","J310",
"J311-NextRAD","plate1.1","plate1.1~J311-NextRAD","J311",
"J311-WGS","plate1.1","plate1.1~J311-WGS","J311",
"J315-NextRAD","plate1.1","plate1.1~J315-NextRAD","J315",
"J315-WGS","plate1.1","plate1.1~J315-WGS","J315",
"J316-NextRAD","plate1.1","plate1.1~J316-NextRAD","J316",
"J316-WGS","plate1.1","plate1.1~J316-WGS","J316",
"J317-NextRAD","plate1.1","plate1.1~J317-NextRAD","J317",
"J317-WGS","plate1.1","plate1.1~J317-WGS","J317",
"J318-NextRAD","plate1.1","plate1.1~J318-NextRAD","J318",
"J318-WGS","plate1.1","plate1.1~J318-WGS","J318",
"J319-NextRAD","plate1.1","plate1.1~J319-NextRAD","J319",
"J319-WGS","plate1.1","plate1.1~J319-WGS","J319",
"J320-NextRAD","plate1.1","plate1.1~J320-NextRAD","J320",
"J320-WGS","plate1.1","plate1.1~J320-WGS","J320",
"J321g-NextRAD","plate1.1","plate1.1~J321g-NextRAD","J321g",
"J321g-WGS","plate1.1","plate1.1~J321g-WGS","J321g",
"J322-NextRAD","plate1.1","plate1.1~J322-NextRAD","J322",
"J322-WGS","plate1.1","plate1.1~J322-WGS","J322",
"J324-NextRAD","plate1.1","plate1.1~J324-NextRAD","J324",
"J324-WGS","plate1.1","plate1.1~J324-WGS","J324",
"J326-NextRAD","plate1.1","plate1.1~J326-NextRAD","J326",
"J326-WGS","plate1.1","plate1.1~J326-WGS","J326",
"J327-NextRAD","plate1.1","plate1.1~J327-NextRAD","J327",
"J327-WGS","plate1.1","plate1.1~J327-WGS","J327",
"J328-NextRAD","plate1.1","plate1.1~J328-NextRAD","J328",
"J328-WGS","plate1.1","plate1.1~J328-WGS","J328",
"J329-NextRAD","plate1.1","plate1.1~J329-NextRAD","J329",
"J329-WGS","plate1.1","plate1.1~J329-WGS","J329",
"J330-NextRAD","plate1.1","plate1.1~J330-NextRAD","J330",
"J330-WGS","plate1.1","plate1.1~J330-WGS","J330",
"J331-NextRAD","plate1.1","plate1.1~J331-NextRAD","J331",
"J331-WGS","plate1.1","plate1.1~J331-WGS","J331",
"J333-NextRAD","plate1.1","plate1.1~J333-NextRAD","J333",
"J333-WGS","plate1.1","plate1.1~J333-WGS","J333",
"J333-plus-NextRAD","plate1.1","plate1.1~J333-plus-NextRAD","J333",
"J333-plus-WGS","plate1.1","plate1.1~J333-plus-WGS","J333",
"J334-NextRAD","plate1.1","plate1.1~J334-NextRAD","J334",
"J334-WGS","plate1.1","plate1.1~J334-WGS","J334",
"J335-NextRAD","plate1.1","plate1.1~J335-NextRAD","J335",
"J335-WGS","plate1.1","plate1.1~J335-WGS","J335",
"J338-NextRAD","plate1.1","plate1.1~J338-NextRAD","J338",
"J338-WGS","plate1.1","plate1.1~J338-WGS","J338",
"J339-NextRAD","plate1.1","plate1.1~J339-NextRAD","J339",
"J339-WGS","plate1.1","plate1.1~J339-WGS","J339",
"J340-NextRAD","plate1.1","plate1.1~J340-NextRAD","J340",
"J340-WGS","plate1.1","plate1.1~J340-WGS","J340",
"J341-NextRAD","plate1.1","plate1.1~J341-NextRAD","J341",
"J341-WGS","plate1.1","plate1.1~J341-WGS","J341",
"J342-NextRAD","plate1.1","plate1.1~J342-NextRAD","J342",
"J342-WGS","plate1.1","plate1.1~J342-WGS","J342",
"J343-NextRAD","plate1.1","plate1.1~J343-NextRAD","J343",
"J343-WGS","plate1.1","plate1.1~J343-WGS","J343",
"J344-NextRAD","plate1.1","plate1.1~J344-NextRAD","J344",
"J344-WGS","plate1.1","plate1.1~J344-WGS","J344",
"J345-NextRAD","plate1.1","plate1.1~J345-NextRAD","J345",
"J345-WGS","plate1.1","plate1.1~J345-WGS","J345",
"J345-plus-NextRAD","plate1.1","plate1.1~J345-plus-NextRAD","J345",
"J345-plus-WGS","plate1.1","plate1.1~J345-plus-WGS","J345",
"J346-NextRAD","plate1.1","plate1.1~J346-NextRAD","J346",
"J346-WGS","plate1.1","plate1.1~J346-WGS","J346",
"J347-NextRAD","plate1.1","plate1.1~J347-NextRAD","J347",
"J347-WGS","plate1.1","plate1.1~J347-WGS","J347",
"J348-NextRAD","plate1.1","plate1.1~J348-NextRAD","J348",
"J348-WGS","plate1.1","plate1.1~J348-WGS","J348",
"J349-NextRAD","plate1.1","plate1.1~J349-NextRAD","J349",
"J349-WGS","plate1.1","plate1.1~J349-WGS","J349",
"J350-NextRAD","plate1.1","plate1.1~J350-NextRAD","J350",
"J350-WGS","plate1.1","plate1.1~J350-WGS","J350",
"J351-NextRAD","plate1.1","plate1.1~J351-NextRAD","J351",
"J351-WGS","plate1.1","plate1.1~J351-WGS","J351",
"J351-plus-NextRAD","plate1.1","plate1.1~J351-plus-NextRAD","J351",
"J351-plus-WGS","plate1.1","plate1.1~J351-plus-WGS","J351",
"J352-NextRAD","plate1.1","plate1.1~J352-NextRAD","J352",
"J352-WGS","plate1.1","plate1.1~J352-WGS","J352",
"J353-NextRAD","plate1.1","plate1.1~J353-NextRAD","J353",
"J353-WGS","plate1.1","plate1.1~J353-WGS","J353",
"J354-NextRAD","plate1.1","plate1.1~J354-NextRAD","J354",
"J354-WGS","plate1.1","plate1.1~J354-WGS","J354",
"J355-NextRAD","plate1.1","plate1.1~J355-NextRAD","J355",
"J355-WGS","plate1.1","plate1.1~J355-WGS","J355",
"J355b-NextRAD","plate1.1","plate1.1~J355b-NextRAD","J355b",
"J355b-WGS","plate1.1","plate1.1~J355b-WGS","J355b",
"J357-NextRAD","plate1.1","plate1.1~J357-NextRAD","J357",
"J357-WGS","plate1.1","plate1.1~J357-WGS","J357",
"J358-NextRAD","plate1.1","plate1.1~J358-NextRAD","J358",
"J358-WGS","plate1.1","plate1.1~J358-WGS","J358",
"J359-NextRAD","plate1.1","plate1.1~J359-NextRAD","J359",
"J359-WGS","plate1.1","plate1.1~J359-WGS","J359",
"J360-NextRAD","plate1.1","plate1.1~J360-NextRAD","J360",
"J360-WGS","plate1.1","plate1.1~J360-WGS","J360",
"J361-NextRAD","plate1.1","plate1.1~J361-NextRAD","J361",
"J361-WGS","plate1.1","plate1.1~J361-WGS","J361",
"J362-young-NextRAD","plate1.1","plate1.1~J362-young-NextRAD","J362",
"J362-young-WGS","plate1.1","plate1.1~J362-young-WGS","J362",
"J363-NextRAD","plate1.1","plate1.1~J363-NextRAD","J363",
"J363-WGS","plate1.1","plate1.1~J363-WGS","J363",
"J363-plus-NextRAD","plate1.1","plate1.1~J363-plus-NextRAD","J363",
"J363-plus-WGS","plate1.1","plate1.1~J363-plus-WGS","J363",
"J364-NextRAD","plate1.1","plate1.1~J364-NextRAD","J364",
"J364-WGS","plate1.1","plate1.1~J364-WGS","J364",
"J365-NextRAD","plate1.1","plate1.1~J365-NextRAD","J365",
"J365-WGS","plate1.1","plate1.1~J365-WGS","J365",
"J366-NextRAD","plate1.1","plate1.1~J366-NextRAD","J366",
"J366-WGS","plate1.1","plate1.1~J366-WGS","J366",
"J366-plus-NextRAD","plate1.1","plate1.1~J366-plus-NextRAD","J366",
"J366-plus-WGS","plate1.1","plate1.1~J366-plus-WGS","J366",
"J367-NextRAD","plate1.1","plate1.1~J367-NextRAD","J367",
"J367-WGS","plate1.1","plate1.1~J367-WGS","J367",
"J367i-NextRAD","plate1.1","plate1.1~J367i-NextRAD","J367i",
"J367i-WGS","plate1.1","plate1.1~J367i-WGS","J367i",
"J368-NextRAD","plate1.1","plate1.1~J368-NextRAD","J368",
"J368-WGS","plate1.1","plate1.1~J368-WGS","J368",
"J369-NextRAD","plate1.1","plate1.1~J369-NextRAD","J369",
"J369-WGS","plate1.1","plate1.1~J369-WGS","J369",
"J370-NextRAD","plate1.1","plate1.1~J370-NextRAD","J370",
"J370-WGS","plate1.1","plate1.1~J370-WGS","J370",
"J371-NextRAD","plate1.1","plate1.1~J371-NextRAD","J371",
"J371-WGS","plate1.1","plate1.1~J371-WGS","J371",
"J372-NextRAD","plate1.1","plate1.1~J372-NextRAD","J372",
"J372-WGS","plate1.1","plate1.1~J372-WGS","J372",
"J373-NextRAD","plate1.1","plate1.1~J373-NextRAD","J373",
"J373-WGS","plate1.1","plate1.1~J373-WGS","J373",
"J374-NextRAD","plate1.1","plate1.1~J374-NextRAD","J374",
"J374-WGS","plate1.1","plate1.1~J374-WGS","J374",
"J375-NextRAD","plate1.1","plate1.1~J375-NextRAD","J375",
"J375-WGS","plate1.1","plate1.1~J375-WGS","J375",
"J376-NextRAD","plate1.1","plate1.1~J376-NextRAD","J376",
"J376-WGS","plate1.1","plate1.1~J376-WGS","J376",
"J379-NextRAD","plate1.1","plate1.1~J379-NextRAD","J379",
"J379-WGS","plate1.1","plate1.1~J379-WGS","J379",
"J381-NextRAD","plate1.1","plate1.1~J381-NextRAD","J381",
"J381-WGS","plate1.1","plate1.1~J381-WGS","J381",
"J383-NextRAD","plate1.1","plate1.1~J383-NextRAD","J383",
"J383-WGS","plate1.1","plate1.1~J383-WGS","J383",
"J385-NextRAD","plate1.1","plate1.1~J385-NextRAD","J385",
"J385-WGS","plate1.1","plate1.1~J385-WGS","J385",
"J387-NextRAD","plate1.1","plate1.1~J387-NextRAD","J387",
"J387-WGS","plate1.1","plate1.1~J387-WGS","J387",
"J389-NextRAD","plate1.1","plate1.1~J389-NextRAD","J389",
"J389-WGS","plate1.1","plate1.1~J389-WGS","J389",
"J393-NextRAD","plate1.1","plate1.1~J393-NextRAD","J393",
"J393-WGS","plate1.1","plate1.1~J393-WGS","J393",
"J395-NextRAD","plate1.1","plate1.1~J395-NextRAD","J395",
"J395-WGS","plate1.1","plate1.1~J395-WGS","J395",
"J398-NextRAD","plate1.1","plate1.1~J398-NextRAD","J398",
"J398-WGS","plate1.1","plate1.1~J398-WGS","J398",
"NAL05-NextRAD","plate1.1","plate1.1~NAL05-NextRAD","NAL05",
"NAL05-WGS","plate1.1","plate1.1~NAL05-WGS","NAL05",
"NBJ30-NextRAD","plate1.1","plate1.1~NBJ30-NextRAD","NBJ30",
"NBJ30-WGS","plate1.1","plate1.1~NBJ30-WGS","NBJ30",
"NCD30-NextRAD","plate1.1","plate1.1~NCD30-NextRAD","NCD30",
"NCD30-WGS","plate1.1","plate1.1~NCD30-WGS","NCD30",
"NCR13-NextRAD","plate1.1","plate1.1~NCR13-NextRAD","NCR13",
"NCR13-WGS","plate1.1","plate1.1~NCR13-WGS","NCR13",
"NDU10-NextRAD","plate1.1","plate1.1~NDU10-NextRAD","NDU10",
"NDU10-WGS","plate1.1","plate1.1~NDU10-WGS","NDU10",
"RA1006-NextRAD","plate1.1","plate1.1~RA1006-NextRAD","RA1006",
"RA1006-WGS","plate1.1","plate1.1~RA1006-WGS","RA1006",
"TLC715-NextRAD","plate1.1","plate1.1~TLC715-NextRAD","TLC715",
"TLC715-WGS","plate1.1","plate1.1~TLC715-WGS","TLC715",
"TLC720-NextRAD","plate1.1","plate1.1~TLC720-NextRAD","TLC720",
"TLC720-WGS","plate1.1","plate1.1~TLC720-WGS","TLC720",
"TLC725-NextRAD","plate1.1","plate1.1~TLC725-NextRAD","TLC725",
"TLC725-WGS","plate1.1","plate1.1~TLC725-WGS","TLC725",
"TLC726-NextRAD","plate1.1","plate1.1~TLC726-NextRAD","TLC726",
"TLC726-WGS","plate1.1","plate1.1~TLC726-WGS","TLC726",
"TLC775-NextRAD","plate1.1","plate1.1~TLC775-NextRAD","TLC775",
"TLC775-WGS","plate1.1","plate1.1~TLC775-WGS","TLC775",
"VMA18-NextRAD","plate1.1","plate1.1~VMA18-NextRAD","VMA18",
"VMA18-WGS","plate1.1","plate1.1~VMA18-WGS","VMA18",
"VWG14-NextRAD","plate1.1","plate1.1~VWG14-NextRAD","VWG14",
"VWG14-WGS","plate1.1","plate1.1~VWG14-WGS","VWG14",
"Blank1-WGS","plate1.2","plate1.2~Blank1-WGS","NA",
"Blank2-WGS","plate1.2","plate1.2~Blank2-WGS","NA",
"FDK10-WGS","plate1.2","plate1.2~FDK10-WGS","FDK10",
"J294-WGS","plate1.2","plate1.2~J294-WGS","J294",
"J296-WGS","plate1.2","plate1.2~J296-WGS","J296",
"J298-WGS","plate1.2","plate1.2~J298-WGS","J298",
"J301-WGS","plate1.2","plate1.2~J301-WGS","J301",
"J303-WGS","plate1.2","plate1.2~J303-WGS","J303",
"J307-WGS","plate1.2","plate1.2~J307-WGS","J307",
"J310-WGS","plate1.2","plate1.2~J310-WGS","J310",
"J311-WGS","plate1.2","plate1.2~J311-WGS","J311",
"J315-WGS","plate1.2","plate1.2~J315-WGS","J315",
"J316-WGS","plate1.2","plate1.2~J316-WGS","J316",
"J317-WGS","plate1.2","plate1.2~J317-WGS","J317",
"J318-WGS","plate1.2","plate1.2~J318-WGS","J318",
"J319-WGS","plate1.2","plate1.2~J319-WGS","J319",
"J320-WGS","plate1.2","plate1.2~J320-WGS","J320",
"J321g-WGS","plate1.2","plate1.2~J321g-WGS","J321g",
"J322-WGS","plate1.2","plate1.2~J322-WGS","J322",
"J324-WGS","plate1.2","plate1.2~J324-WGS","J324",
"J326-WGS","plate1.2","plate1.2~J326-WGS","J326",
"J327-WGS","plate1.2","plate1.2~J327-WGS","J327",
"J328-WGS","plate1.2","plate1.2~J328-WGS","J328",
"J329-WGS","plate1.2","plate1.2~J329-WGS","J329",
"J330-WGS","plate1.2","plate1.2~J330-WGS","J330",
"J331-WGS","plate1.2","plate1.2~J331-WGS","J331",
"J333-WGS","plate1.2","plate1.2~J333-WGS","J333",
"J333-plus-WGS","plate1.2","plate1.2~J333-plus-WGS","J333",
"J334-WGS","plate1.2","plate1.2~J334-WGS","J334",
"J335-WGS","plate1.2","plate1.2~J335-WGS","J335",
"J338-WGS","plate1.2","plate1.2~J338-WGS","J338",
"J339-WGS","plate1.2","plate1.2~J339-WGS","J339",
"J340-WGS","plate1.2","plate1.2~J340-WGS","J340",
"J341-WGS","plate1.2","plate1.2~J341-WGS","J341",
"J342-WGS","plate1.2","plate1.2~J342-WGS","J342",
"J343-WGS","plate1.2","plate1.2~J343-WGS","J343",
"J344-WGS","plate1.2","plate1.2~J344-WGS","J344",
"J345-WGS","plate1.2","plate1.2~J345-WGS","J345",
"J345-plus-WGS","plate1.2","plate1.2~J345-plus-WGS","J345",
"J346-WGS","plate1.2","plate1.2~J346-WGS","J346",
"J347-WGS","plate1.2","plate1.2~J347-WGS","J347",
"J348-WGS","plate1.2","plate1.2~J348-WGS","J348",
"J349-WGS","plate1.2","plate1.2~J349-WGS","J349",
"J350-WGS","plate1.2","plate1.2~J350-WGS","J350",
"J351-WGS","plate1.2","plate1.2~J351-WGS","J351",
"J351-plus-WGS","plate1.2","plate1.2~J351-plus-WGS","J351",
"J352-WGS","plate1.2","plate1.2~J352-WGS","J352",
"J353-WGS","plate1.2","plate1.2~J353-WGS","J353",
"J354-WGS","plate1.2","plate1.2~J354-WGS","J354",
"J355-WGS","plate1.2","plate1.2~J355-WGS","J355",
"J355b-WGS","plate1.2","plate1.2~J355b-WGS","J355b",
"J357-WGS","plate1.2","plate1.2~J357-WGS","J357",
"J358-WGS","plate1.2","plate1.2~J358-WGS","J358",
"J359-WGS","plate1.2","plate1.2~J359-WGS","J359",
"J360-WGS","plate1.2","plate1.2~J360-WGS","J360",
"J361-WGS","plate1.2","plate1.2~J361-WGS","J361",
"J362-young-WGS","plate1.2","plate1.2~J362-young-WGS","J362",
"J363-WGS","plate1.2","plate1.2~J363-WGS","J363",
"J363-plus-WGS","plate1.2","plate1.2~J363-plus-WGS","J363",
"J364-WGS","plate1.2","plate1.2~J364-WGS","J364",
"J365-WGS","plate1.2","plate1.2~J365-WGS","J365",
"J366-WGS","plate1.2","plate1.2~J366-WGS","J366",
"J366-plus-WGS","plate1.2","plate1.2~J366-plus-WGS","J366",
"J367-WGS","plate1.2","plate1.2~J367-WGS","J367",
"J367i-WGS","plate1.2","plate1.2~J367i-WGS","J367i",
"J368-WGS","plate1.2","plate1.2~J368-WGS","J368",
"J369-WGS","plate1.2","plate1.2~J369-WGS","J369",
"J370-WGS","plate1.2","plate1.2~J370-WGS","J370",
"J371-WGS","plate1.2","plate1.2~J371-WGS","J371",
"J372-WGS","plate1.2","plate1.2~J372-WGS","J372",
"J373-WGS","plate1.2","plate1.2~J373-WGS","J373",
"J374-WGS","plate1.2","plate1.2~J374-WGS","J374",
"J375-WGS","plate1.2","plate1.2~J375-WGS","J375",
"J376-WGS","plate1.2","plate1.2~J376-WGS","J376",
"J379-WGS","plate1.2","plate1.2~J379-WGS","J379",
"J381-WGS","plate1.2","plate1.2~J381-WGS","J381",
"J383-WGS","plate1.2","plate1.2~J383-WGS","J383",
"J385-WGS","plate1.2","plate1.2~J385-WGS","J385",
"J387-WGS","plate1.2","plate1.2~J387-WGS","J387",
"J389-WGS","plate1.2","plate1.2~J389-WGS","J389",
"J393-WGS","plate1.2","plate1.2~J393-WGS","J393",
"J395-WGS","plate1.2","plate1.2~J395-WGS","J395",
"J398-WGS","plate1.2","plate1.2~J398-WGS","J398",
"NAL05-WGS","plate1.2","plate1.2~NAL05-WGS","NAL05",
"NBJ30-WGS","plate1.2","plate1.2~NBJ30-WGS","NBJ30",
"NCD30-WGS","plate1.2","plate1.2~NCD30-WGS","NCD30",
"NCR13-WGS","plate1.2","plate1.2~NCR13-WGS","NCR13",
"NDU10-WGS","plate1.2","plate1.2~NDU10-WGS","NDU10",
"RA1006-WGS","plate1.2","plate1.2~RA1006-WGS","RA1006",
"TLC715-WGS","plate1.2","plate1.2~TLC715-WGS","TLC715",
"TLC720-WGS","plate1.2","plate1.2~TLC720-WGS","TLC720",
"TLC725-WGS","plate1.2","plate1.2~TLC725-WGS","TLC725",
"TLC726-WGS","plate1.2","plate1.2~TLC726-WGS","TLC726",
"TLC775-WGS","plate1.2","plate1.2~TLC775-WGS","TLC775",
"VMA18-WGS","plate1.2","plate1.2~VMA18-WGS","VMA18",
"VWG14-WGS","plate1.2","plate1.2~VWG14-WGS","VWG14",
"Blank","plate2","plate2~Blank","NA",
"J333a","plate2","plate2~J333a","J333a",
"J375-rep1","plate2","plate2~J375-rep1","J375",
"J392","plate2","plate2~J392","J392",
"J397","plate2","plate2~J397","NE35955","Samples J397 and NE35955 exchanged in sequencing metadata"
"J399","plate2","plate2~J399","J399",
"J400","plate2","plate2~J400","J400",
"J401","plate2","plate2~J401","J401",
"J402","plate2","plate2~J402","J402",
"J403","plate2","plate2~J403","J403",
"J404","plate2","plate2~J404","J404",
"J405","plate2","plate2~J405","J405",
"J406","plate2","plate2~J406","J406",
"J407","plate2","plate2~J407","J407",
"J408","plate2","plate2~J408","J408",
"J411","plate2","plate2~J411","J411",
"J412","plate2","plate2~J412","J412",
"J413","plate2","plate2~J413","J413",
"J414","plate2","plate2~J414","J414",
"J416","plate2","plate2~J416","J416",
"J417","plate2","plate2~J417","J417",
"J418","plate2","plate2~J418","J418",
"J419","plate2","plate2~J419","J419",
"J420","plate2","plate2~J420","J420",
"J421","plate2","plate2~J421","J421",
"J422","plate2","plate2~J422","J422",
"J423","plate2","plate2~J423","J423",
"J424","plate2","plate2~J424","J424",
"J427","plate2","plate2~J427","J427",
"J427a","plate2","plate2~J427a","J427a",
"J431","plate2","plate2~J431","J431",
"J432","plate2","plate2~J432","J432",
"M1c","plate2","plate2~M1c","M1c",
"M2a","plate2","plate2~M2a","M2a",
"M2b","plate2","plate2~M2b","M2b",
"NE10467","plate2","plate2~NE10467","NE10467",
"NE25923","plate2","plate2~NE25923","NE25923",
"NE25953","plate2","plate2~NE25953","NE25953",
"NE35955","plate2","plate2~NE35955","J397","Samples J397 and NE35955 exchanged in sequencing metadata"
"NE35959","plate2","plate2~NE35959","NE35959",
"NE36811","plate2","plate2~NE36811","NE36811",
"NE37169","plate2","plate2~NE37169","NE37169",
"NE37647","plate2","plate2~NE37647","NE37647",
"NE4583","plate2","plate2~NE4583","NE4583",
"NE67754","plate2","plate2~NE67754","NE67754",
"NE90535","plate2","plate2~NE90535","NE90535",
"VMA18","plate2","plate2~VMA18","VMA18",
"VMG14","plate2","plate2~VMG14","VWG14",
