"library","run","Include","seq.notes"
"EB510","oxley.1","Y",
"EB515","oxley.1","Y",
"EB519","oxley.1","Y",
"EB521","oxley.1","Y",
"EB522","oxley.1","Y",
"EB523","oxley.1","Y",
"EB524","oxley.1","Y",
"EB525","oxley.1","Y",
"EB526","oxley.1","Y",
"EB527","oxley.1","Y",
"EB528","oxley.1","Y",
"EB529","oxley.1","Y",
"EB530","oxley.1","Y",
"EB531","oxley.1","Y",
"EB534","oxley.1","Y",
"EB535","oxley.1","Y",
"EB536","oxley.1","Y",
"ENE0001","oxley.1","Y",
"ENE0005","oxley.1","Y",
"ENE0008","oxley.1","Y",
"ENE0009","oxley.1","Y",
"ENE0010","oxley.1","Y",
"ENE0011","oxley.1","Y",
"ENE0014","oxley.1","Y",
"ENE0015","oxley.1","Y",
"ENE0023","oxley.1","Y",
"ENE0024","oxley.1","Y",
"ENE0026","oxley.1","Y",
"ENE0028","oxley.1","Y",
"ENE0030","oxley.1","Y",
"ENE0031","oxley.1","Y",
"ENE0032","oxley.1","Y",
"ENE0033","oxley.1","Y",
"ENE0034","oxley.1","Y",
"ENE0036","oxley.1","Y",
"ENE0038","oxley.1","Y",
"ENE0040","oxley.1","Y",
"ENE0042","oxley.1","Y",
"ENE0044","oxley.1","Y",
"FDK10","plate1-6.0","Y",
"FDK10","plate1-6.1","Y",
"FDK10","plate1-6.2","Y",
"FDK10-NextRAD","plate1.1","Y",
"FDK10-WGS","plate1.1","Y",
"FDK10-WGS","plate1.2","Y",
"GH1","plate1-6.0","Y",
"GH1","plate1-6.1","Y",
"GH1","plate1-6.2","Y",
"GH2","plate1-6.0","Y",
"GH2","plate1-6.1","Y",
"GH2","plate1-6.2","Y",
"J293","plate1-6.0","Y",
"J293","plate1-6.1","Y",
"J293","plate1-6.2","Y",
"J294","plate1-6.0","Y",
"J294","plate1-6.1","Y",
"J294","plate1-6.2","Y",
"J294-NextRAD","plate1.1","Y",
"J294-WGS","plate1.1","Y",
"J294-WGS","plate1.2","Y",
"J295","plate1-6.0","Y",
"J295","plate1-6.1","Y",
"J295","plate1-6.2","Y",
"J295-rep","plate1-6.0","Y",
"J295-rep","plate1-6.1","Y",
"J295rep","plate1-6.2","Y",
"J296","plate1-6.0","Y",
"J296","plate1-6.1","Y",
"J296","plate1-6.2","Y",
"J296-NextRAD","plate1.1","Y",
"J296-WGS","plate1.1","Y",
"J296-WGS","plate1.2","Y",
"J298","plate1-6.0","Y",
"J298","plate1-6.1","Y",
"J298","plate1-6.2","Y",
"J298-NextRAD","plate1.1","Y",
"J298-WGS","plate1.1","Y",
"J298-WGS","plate1.2","Y",
"J300","plate1-6.0","Y",
"J300","plate1-6.1","Y",
"J300","plate1-6.2","Y",
"J301","plate1-6.0","Y",
"J301","plate1-6.1","Y",
"J301","plate1-6.2","Y",
"J301-NextRAD","plate1.1","Y",
"J301-WGS","plate1.1","Y",
"J301-WGS","plate1.2","Y",
"J302","plate1-6.0","Y",
"J302","plate1-6.1","Y",
"J302","plate1-6.2","Y",
"J303","plate1-6.0","Y",
"J303","plate1-6.1","Y",
"J303","plate1-6.2","Y",
"J303-NextRAD","plate1.1","Y",
"J303-WGS","plate1.1","Y",
"J303-WGS","plate1.2","Y",
"J304","plate1-6.0","Y",
"J304","plate1-6.1","Y",
"J304","plate1-6.2","Y",
"J307","plate1-6.0","Y",
"J307","plate1-6.1","Y",
"J307","plate1-6.2","Y",
"J307-NextRAD","plate1.1","Y",
"J307-WGS","plate1.1","Y",
"J307-WGS","plate1.2","Y",
"J310","plate1-6.0","Y",
"J310","plate1-6.1","Y",
"J310","plate1-6.2","Y",
"J310-NextRAD","plate1.1","Y",
"J310-WGS","plate1.1","Y",
"J310-WGS","plate1.2","Y",
"J311","plate1-6.0","Y",
"J311","plate1-6.1","Y",
"J311","plate1-6.2","Y",
"J311-NextRAD","plate1.1","Y",
"J311-WGS","plate1.1","Y",
"J311-WGS","plate1.2","Y",
"J312","plate1-6.0","Y",
"J312","plate1-6.1","Y",
"J312","plate1-6.2","Y",
"J315","plate1-6.0","Y",
"J315","plate1-6.1","Y",
"J315","plate1-6.2","Y",
"J315-NextRAD","plate1.1","Y",
"J315-WGS","plate1.1","Y",
"J315-WGS","plate1.2","Y",
"J316","plate1-6.0","Y",
"J316","plate1-6.1","Y",
"J316","plate1-6.2","Y",
"J316-NextRAD","plate1.1","Y",
"J316-WGS","plate1.1","Y",
"J316-WGS","plate1.2","Y",
"J317","plate1-6.0","Y",
"J317","plate1-6.1","Y",
"J317","plate1-6.2","Y",
"J317-NextRAD","plate1.1","Y",
"J317-WGS","plate1.1","Y",
"J317-WGS","plate1.2","Y",
"J318","plate1-6.0","Y",
"J318","plate1-6.1","Y",
"J318","plate1-6.2","Y",
"J318-NextRAD","plate1.1","Y",
"J318-WGS","plate1.1","Y",
"J318-WGS","plate1.2","Y",
"J319","plate1-6.0","Y",
"J319","plate1-6.1","Y",
"J319","plate1-6.2","Y",
"J319-NextRAD","plate1.1","Y",
"J319-WGS","plate1.1","Y",
"J319-WGS","plate1.2","Y",
"J320","plate1-6.0","Y",
"J320","plate1-6.1","Y",
"J320","plate1-6.2","Y",
"J320-NextRAD","plate1.1","Y",
"J320-WGS","plate1.1","Y",
"J320-WGS","plate1.2","Y",
"J321g","plate1-6.0","Y",
"J321g","plate1-6.1","Y",
"J321g","plate1-6.2","Y",
"J321g-NextRAD","plate1.1","Y",
"J321g-WGS","plate1.1","Y",
"J321g-WGS","plate1.2","Y",
"J322","plate1-6.0","Y",
"J322","plate1-6.1","Y",
"J322","plate1-6.2","Y",
"J322-NextRAD","plate1.1","Y",
"J322-WGS","plate1.1","Y",
"J322-WGS","plate1.2","Y",
"J324","plate1-6.0","Y",
"J324","plate1-6.1","Y",
"J324","plate1-6.2","Y",
"J324-NextRAD","plate1.1","Y",
"J324-WGS","plate1.1","Y",
"J324-WGS","plate1.2","Y",
"J326","plate1-6.0","Y",
"J326","plate1-6.1","Y",
"J326","plate1-6.2","Y",
"J326-NextRAD","plate1.1","Y",
"J326-WGS","plate1.1","Y",
"J326-WGS","plate1.2","Y",
"J327","plate1-6.0","Y",
"J327","plate1-6.1","Y",
"J327","plate1-6.2","Y",
"J327-NextRAD","plate1.1","Y",
"J327-WGS","plate1.1","Y",
"J327-WGS","plate1.2","Y",
"J328","plate1-6.0","Y",
"J328","plate1-6.1","Y",
"J328","plate1-6.2","Y",
"J328-NextRAD","plate1.1","Y",
"J328-WGS","plate1.1","Y",
"J328-WGS","plate1.2","Y",
"J329","plate1-6.0","Y",
"J329","plate1-6.1","Y",
"J329","plate1-6.2","Y",
"J329-NextRAD","plate1.1","Y",
"J329-WGS","plate1.1","Y",
"J329-WGS","plate1.2","Y",
"J330","plate1-6.0","Y",
"J330","plate1-6.1","Y",
"J330","plate1-6.2","Y",
"J330-NextRAD","plate1.1","Y",
"J330-WGS","plate1.1","Y",
"J330-WGS","plate1.2","Y",
"J331","plate1-6.0","Y",
"J331","plate1-6.1","Y",
"J331","plate1-6.2","Y",
"J331-NextRAD","plate1.1","Y",
"J331-WGS","plate1.1","Y",
"J331-WGS","plate1.2","Y",
"J333","plate1-6.0","Y",
"J333","plate1-6.1","Y",
"J333","plate1-6.2","Y",
"J333_plus","plate1-6.0","Y",
"J333_plus","plate1-6.1","Y",
"J333_plus","plate1-6.2","Y",
"J333-NextRAD","plate1.1","Y",
"J333-plus-NextRAD","plate1.1","Y",
"J333-plus-WGS","plate1.1","Y",
"J333-plus-WGS","plate1.2","Y",
"J333-WGS","plate1.1","Y",
"J333-WGS","plate1.2","Y",
"J333a","plate1-6.0","Y",
"J333a","plate1-6.1","Y",
"J333a","plate1-6.2","Y",
"J333a","plate2","Y",
"J334","plate1-6.0","Y",
"J334","plate1-6.1","Y",
"J334","plate1-6.2","Y",
"J334-NextRAD","plate1.1","Y",
"J334-WGS","plate1.1","Y",
"J334-WGS","plate1.2","Y",
"J335","plate1-6.0","Y",
"J335","plate1-6.1","Y",
"J335","plate1-6.2","Y",
"J335-NextRAD","plate1.1","Y",
"J335-WGS","plate1.1","Y",
"J335-WGS","plate1.2","Y",
"J338","plate1-6.0","Y",
"J338","plate1-6.1","Y",
"J338","plate1-6.2","Y",
"J338-NextRAD","plate1.1","Y",
"J338-WGS","plate1.1","Y",
"J338-WGS","plate1.2","Y",
"J339","plate1-6.0","Y",
"J339","plate1-6.1","Y",
"J339","plate1-6.2","Y",
"J339-NextRAD","plate1.1","Y",
"J339-WGS","plate1.1","Y",
"J339-WGS","plate1.2","Y",
"J340","plate1-6.0","Y",
"J340","plate1-6.1","Y",
"J340","plate1-6.2","Y",
"J340-NextRAD","plate1.1","Y",
"J340-WGS","plate1.1","Y",
"J340-WGS","plate1.2","Y",
"J341","plate1-6.0","Y",
"J341","plate1-6.1","Y",
"J341","plate1-6.2","Y",
"J341-NextRAD","plate1.1","Y",
"J341-WGS","plate1.1","Y",
"J341-WGS","plate1.2","Y",
"J341a","plate1-6.0","Y",
"J341a","plate1-6.1","Y",
"J341a","plate1-6.2","Y",
"J341b","plate1-6.0","Y",
"J341b","plate1-6.1","Y",
"J341b","plate1-6.2","Y",
"J341c","plate1-6.0","Y",
"J341c","plate1-6.1","Y",
"J341c","plate1-6.2","Y",
"J341d","plate1-6.0","Y",
"J341d","plate1-6.1","Y",
"J341d","plate1-6.2","Y",
"J342","plate1-6.0","Y",
"J342","plate1-6.1","Y",
"J342","plate1-6.2","Y",
"J342-NextRAD","plate1.1","Y",
"J342-WGS","plate1.1","Y",
"J342-WGS","plate1.2","Y",
"J342a","plate1-6.0","Y",
"J342a","plate1-6.1","Y",
"J342a","plate1-6.2","Y",
"J342a-rep","plate1-6.0","Y",
"J342a-rep","plate1-6.1","Y",
"J342arep","plate1-6.2","Y",
"J342b","plate1-6.0","Y",
"J342b","plate1-6.1","Y",
"J342b","plate1-6.2","Y",
"J342c","plate1-6.0","Y",
"J342c","plate1-6.1","Y",
"J342c","plate1-6.2","Y",
"J342d","plate1-6.0","Y",
"J342d","plate1-6.1","Y",
"J342d","plate1-6.2","Y",
"J343","plate1-6.0","Y",
"J343","plate1-6.1","Y",
"J343","plate1-6.2","Y",
"J343-NextRAD","plate1.1","Y",
"J343-WGS","plate1.1","Y",
"J343-WGS","plate1.2","Y",
"J344","plate1-6.0","Y",
"J344","plate1-6.1","Y",
"J344","plate1-6.2","Y",
"J344-NextRAD","plate1.1","Y",
"J344-WGS","plate1.1","Y",
"J344-WGS","plate1.2","Y",
"J345","plate1-6.0","Y",
"J345","plate1-6.1","Y",
"J345","plate1-6.2","Y",
"J345_plus","plate1-6.0","Y",
"J345_plus","plate1-6.1","Y",
"J345_plus","plate1-6.2","Y",
"J345-NextRAD","plate1.1","Y",
"J345-plus-NextRAD","plate1.1","Y",
"J345-plus-WGS","plate1.1","Y",
"J345-plus-WGS","plate1.2","Y",
"J345-WGS","plate1.1","Y",
"J345-WGS","plate1.2","Y",
"J345a","plate1-6.0","Y",
"J345a","plate1-6.1","Y",
"J345a","plate1-6.2","Y",
"J345b","oxley.1","Y",
"J345c","oxley.1","Y",
"J345d","plate1-6.0","Y",
"J345d","plate1-6.1","Y",
"J345d","plate1-6.2","Y",
"J346","plate1-6.0","Y",
"J346","plate1-6.1","Y",
"J346","plate1-6.2","Y",
"J346-NextRAD","plate1.1","Y",
"J346-WGS","plate1.1","Y",
"J346-WGS","plate1.2","Y",
"J347","plate1-6.0","Y",
"J347","plate1-6.1","Y",
"J347","plate1-6.2","Y",
"J347-NextRAD","plate1.1","Y",
"J347-WGS","plate1.1","Y",
"J347-WGS","plate1.2","Y",
"J348","plate1-6.0","Y",
"J348","plate1-6.1","Y",
"J348","plate1-6.2","Y",
"J348-NextRAD","plate1.1","Y",
"J348-WGS","plate1.1","Y",
"J348-WGS","plate1.2","Y",
"J349","oxley.1","Y",
"J349","plate1-6.0","Y",
"J349","plate1-6.1","Y",
"J349","plate1-6.2","Y",
"J349-NextRAD","plate1.1","Y",
"J349-WGS","plate1.1","Y",
"J349-WGS","plate1.2","Y",
"J349a","plate1-6.0","Y",
"J349a","plate1-6.1","Y",
"J349a","plate1-6.2","Y",
"J349b","plate1-6.0","Y",
"J349b","plate1-6.1","Y",
"J349b","plate1-6.2","Y",
"J349d","plate1-6.0","Y",
"J349d","plate1-6.1","Y",
"J349d","plate1-6.2","Y",
"J349e","plate1-6.0","Y",
"J349e","plate1-6.1","Y",
"J349e","plate1-6.2","Y",
"J349f","plate1-6.0","Y",
"J349f","plate1-6.1","Y",
"J349f","plate1-6.2","Y",
"J349g","plate1-6.0","Y",
"J349g","plate1-6.1","Y",
"J349g","plate1-6.2","Y",
"J349h","plate1-6.0","Y",
"J349h","plate1-6.1","Y",
"J349h","plate1-6.2","Y",
"J349i","plate1-6.0","Y",
"J349i","plate1-6.1","Y",
"J349i","plate1-6.2","Y",
"J349j","plate1-6.0","Y",
"J349j","plate1-6.1","Y",
"J349j","plate1-6.2","Y",
"J350","plate1-6.0","Y",
"J350","plate1-6.1","Y",
"J350","plate1-6.2","Y",
"J350-NextRAD","plate1.1","Y",
"J350-WGS","plate1.1","Y",
"J350-WGS","plate1.2","Y",
"J350a","plate1-6.0","Y",
"J350a","plate1-6.1","Y",
"J350a","plate1-6.2","Y",
"J350b","plate1-6.0","Y",
"J350b","plate1-6.1","Y",
"J350b","plate1-6.2","Y",
"J350c","plate1-6.0","Y",
"J350c","plate1-6.1","Y",
"J350c","plate1-6.2","Y",
"J350d","plate1-6.0","Y",
"J350d","plate1-6.1","Y",
"J350d","plate1-6.2","Y",
"J350e","plate1-6.0","Y",
"J350e","plate1-6.1","Y",
"J350e","plate1-6.2","Y",
"J350f","plate1-6.0","Y",
"J350f","plate1-6.1","Y",
"J350f","plate1-6.2","Y",
"J350g","plate1-6.0","Y",
"J350g","plate1-6.1","Y",
"J350g","plate1-6.2","Y",
"J350h","plate1-6.0","Y",
"J350h","plate1-6.1","Y",
"J350h","plate1-6.2","Y",
"J350i","plate1-6.0","Y",
"J350i","plate1-6.1","Y",
"J350i","plate1-6.2","Y",
"J351","plate1-6.0","Y",
"J351","plate1-6.1","Y",
"J351","plate1-6.2","Y",
"J351_plus","plate1-6.0","Y",
"J351_plus","plate1-6.1","Y",
"J351_plus","plate1-6.2","Y",
"J351-NextRAD","plate1.1","Y",
"J351-plus-NextRAD","plate1.1","Y",
"J351-plus-WGS","plate1.1","Y",
"J351-plus-WGS","plate1.2","Y",
"J351-WGS","plate1.1","Y",
"J351-WGS","plate1.2","Y",
"J352","plate1-6.0","Y",
"J352","plate1-6.1","Y",
"J352","plate1-6.2","Y",
"J352-NextRAD","plate1.1","Y",
"J352-WGS","plate1.1","Y",
"J352-WGS","plate1.2","Y",
"J352a","plate1-6.0","Y",
"J352a","plate1-6.1","Y",
"J352a","plate1-6.2","Y",
"J352b","plate1-6.0","Y",
"J352b","plate1-6.1","Y",
"J352b","plate1-6.2","Y",
"J352c","plate1-6.0","Y",
"J352c","plate1-6.1","Y",
"J352c","plate1-6.2","Y",
"J352d","plate1-6.0","Y",
"J352d","plate1-6.1","Y",
"J352d","plate1-6.2","Y",
"J352e","plate1-6.0","Y",
"J352e","plate1-6.1","Y",
"J352e","plate1-6.2","Y",
"J352f","plate1-6.0","Y",
"J352f","plate1-6.1","Y",
"J352f","plate1-6.2","Y",
"J352g","plate1-6.0","Y",
"J352g","plate1-6.1","Y",
"J352g","plate1-6.2","Y",
"J352h","plate1-6.0","Y",
"J352h","plate1-6.1","Y",
"J352h","plate1-6.2","Y",
"J352i","plate1-6.0","Y",
"J352i","plate1-6.1","Y",
"J352i","plate1-6.2","Y",
"J353","plate1-6.0","Y",
"J353","plate1-6.1","Y",
"J353","plate1-6.2","Y",
"J353-NextRAD","plate1.1","Y",
"J353-WGS","plate1.1","Y",
"J353-WGS","plate1.2","Y",
"J354","plate1-6.0","Y",
"J354","plate1-6.1","Y",
"J354","plate1-6.2","Y",
"J354-NextRAD","plate1.1","Y",
"J354-WGS","plate1.1","Y",
"J354-WGS","plate1.2","Y",
"J355","plate1-6.0","Y",
"J355","plate1-6.1","Y",
"J355","plate1-6.2","Y",
"J355-NextRAD","plate1.1","Y",
"J355-WGS","plate1.1","Y",
"J355-WGS","plate1.2","Y",
"J355a","plate1-6.0","Y",
"J355a","plate1-6.1","Y",
"J355a","plate1-6.2","Y",
"J355b","oxley.1","Y",
"J355b","plate1-6.0","Y",
"J355b","plate1-6.1","Y",
"J355b","plate1-6.2","Y",
"J355b-NextRAD","plate1.1","Y",
"J355b-WGS","plate1.1","Y",
"J355b-WGS","plate1.2","Y",
"J355c","plate1-6.0","Y",
"J355c","plate1-6.1","Y",
"J355c","plate1-6.2","Y",
"J355d","plate1-6.0","Y",
"J355d","plate1-6.1","Y",
"J355d","plate1-6.2","Y",
"J355e","plate1-6.0","Y",
"J355e","plate1-6.1","Y",
"J355e","plate1-6.2","Y",
"J355f","plate1-6.0","Y",
"J355f","plate1-6.1","Y",
"J355f","plate1-6.2","Y",
"J355g","plate1-6.0","Y",
"J355g","plate1-6.1","Y",
"J355g","plate1-6.2","Y",
"J357","plate1-6.0","Y",
"J357","plate1-6.1","Y",
"J357","plate1-6.2","Y",
"J357-NextRAD","plate1.1","Y",
"J357-WGS","plate1.1","Y",
"J357-WGS","plate1.2","Y",
"J358","plate1-6.0","Y",
"J358","plate1-6.1","Y",
"J358","plate1-6.2","Y",
"J358-NextRAD","plate1.1","Y",
"J358-WGS","plate1.1","Y",
"J358-WGS","plate1.2","Y",
"J359","plate1-6.0","Y",
"J359","plate1-6.1","Y",
"J359","plate1-6.2","Y",
"J359-NextRAD","plate1.1","Y",
"J359-WGS","plate1.1","Y",
"J359-WGS","plate1.2","Y",
"J359a","plate1-6.0","Y",
"J359a","plate1-6.1","Y",
"J359a","plate1-6.2","Y",
"J359b","plate1-6.0","Y",
"J359b","plate1-6.1","Y",
"J359b","plate1-6.2","Y",
"J359c","plate1-6.0","Y",
"J359c","plate1-6.1","Y",
"J359c","plate1-6.2","Y",
"J359d","plate1-6.0","Y",
"J359d","plate1-6.1","Y",
"J359d","plate1-6.2","Y",
"J359e","plate1-6.0","Y",
"J359e","plate1-6.1","Y",
"J359e","plate1-6.2","Y",
"J359f","oxley.1","Y",
"J359g","plate1-6.0","Y",
"J359g","plate1-6.1","Y",
"J359g","plate1-6.2","Y",
"J359h","plate1-6.0","Y",
"J359h","plate1-6.1","Y",
"J359h","plate1-6.2","Y",
"J359i","plate1-6.0","Y",
"J359i","plate1-6.1","Y",
"J359i","plate1-6.2","Y",
"J360","plate1-6.0","Y",
"J360","plate1-6.1","Y",
"J360","plate1-6.2","Y",
"J360-NextRAD","plate1.1","Y",
"J360-WGS","plate1.1","Y",
"J360-WGS","plate1.2","Y",
"J361","plate1-6.0","Y",
"J361","plate1-6.1","Y",
"J361","plate1-6.2","Y",
"J361-NextRAD","plate1.1","Y",
"J361-WGS","plate1.1","Y",
"J361-WGS","plate1.2","Y",
"J361a","plate1-6.0","Y",
"J361a","plate1-6.1","Y",
"J361a","plate1-6.2","Y",
"J361b","plate1-6.0","Y",
"J361b","plate1-6.1","Y",
"J361b","plate1-6.2","Y",
"J361c","plate1-6.0","Y",
"J361c","plate1-6.1","Y",
"J361c","plate1-6.2","Y",
"J361d","plate1-6.0","Y",
"J361d","plate1-6.1","Y",
"J361d","plate1-6.2","Y",
"J361e","plate1-6.0","Y",
"J361e","plate1-6.1","Y",
"J361e","plate1-6.2","Y",
"J361f","plate1-6.0","Y",
"J361f","plate1-6.1","Y",
"J361f","plate1-6.2","Y",
"J361g","plate1-6.0","Y",
"J361g","plate1-6.1","Y",
"J361g","plate1-6.2","Y",
"J361h","plate1-6.0","Y",
"J361h","plate1-6.1","Y",
"J361h","plate1-6.2","Y",
"J361i","plate1-6.0","Y",
"J361i","plate1-6.1","Y",
"J361i","plate1-6.2","Y",
"J362","plate1-6.0","Y",
"J362","plate1-6.1","Y",
"J362","plate1-6.2","Y",
"J362_young","plate1-6.0","Y",
"J362_young","plate1-6.1","Y",
"J362_young","plate1-6.2","Y",
"J362-young-NextRAD","plate1.1","Y",
"J362-young-WGS","plate1.1","Y",
"J362-young-WGS","plate1.2","Y",
"J362a","plate1-6.0","Y",
"J362a","plate1-6.1","Y",
"J362a","plate1-6.2","Y",
"J362b","plate1-6.0","Y",
"J362b","plate1-6.1","Y",
"J362b","plate1-6.2","Y",
"J363","plate1-6.0","Y",
"J363","plate1-6.1","Y",
"J363","plate1-6.2","Y",
"J363_plus","plate1-6.0","Y",
"J363_plus","plate1-6.1","Y",
"J363_plus","plate1-6.2","Y",
"J363-NextRAD","plate1.1","Y",
"J363-plus-NextRAD","plate1.1","Y",
"J363-plus-WGS","plate1.1","Y",
"J363-plus-WGS","plate1.2","Y",
"J363-WGS","plate1.1","Y",
"J363-WGS","plate1.2","Y",
"J364","plate1-6.0","Y",
"J364","plate1-6.1","Y",
"J364","plate1-6.2","Y",
"J364-NextRAD","plate1.1","Y",
"J364-WGS","plate1.1","Y",
"J364-WGS","plate1.2","Y",
"J365","plate1-6.0","Y",
"J365","plate1-6.1","Y",
"J365","plate1-6.2","Y",
"J365-NextRAD","plate1.1","Y",
"J365-WGS","plate1.1","Y",
"J365-WGS","plate1.2","Y",
"J366","plate1-6.0","Y",
"J366","plate1-6.1","Y",
"J366","plate1-6.2","Y",
"J366_plus","plate1-6.0","Y",
"J366_plus","plate1-6.1","Y",
"J366_plus","plate1-6.2","Y",
"J366-NextRAD","plate1.1","Y",
"J366-plus-NextRAD","plate1.1","Y",
"J366-plus-WGS","plate1.1","Y",
"J366-plus-WGS","plate1.2","Y",
"J366-WGS","plate1.1","Y",
"J366-WGS","plate1.2","Y",
"J367","plate1-6.0","Y",
"J367","plate1-6.1","Y",
"J367","plate1-6.2","Y",
"J367-NextRAD","plate1.1","Y",
"J367-WGS","plate1.1","Y",
"J367-WGS","plate1.2","Y",
"J367a","plate1-6.0","Y",
"J367a","plate1-6.1","Y",
"J367a","plate1-6.2","Y",
"J367b","plate1-6.0","Y",
"J367b","plate1-6.1","Y",
"J367b","plate1-6.2","Y",
"J367c","plate1-6.0","Y",
"J367c","plate1-6.1","Y",
"J367c","plate1-6.2","Y",
"J367d","plate1-6.0","Y",
"J367d","plate1-6.1","Y",
"J367d","plate1-6.2","Y",
"J367e","plate1-6.0","Y",
"J367e","plate1-6.1","Y",
"J367e","plate1-6.2","Y",
"J367f","plate1-6.0","Y",
"J367f","plate1-6.1","Y",
"J367f","plate1-6.2","Y",
"J367g","plate1-6.0","Y",
"J367g","plate1-6.1","Y",
"J367g","plate1-6.2","Y",
"J367h","plate1-6.0","Y",
"J367h","plate1-6.1","Y",
"J367h","plate1-6.2","Y",
"J367i","plate1-6.0","Y",
"J367i","plate1-6.1","Y",
"J367i","plate1-6.2","Y",
"J367i-NextRAD","plate1.1","Y",
"J367i-WGS","plate1.1","Y",
"J367i-WGS","plate1.2","Y",
"J368","plate1-6.0","Y",
"J368","plate1-6.1","Y",
"J368","plate1-6.2","Y",
"J368-NextRAD","plate1.1","Y",
"J368-WGS","plate1.1","Y",
"J368-WGS","plate1.2","Y",
"J369","plate1-6.0","Y",
"J369","plate1-6.1","Y",
"J369","plate1-6.2","Y",
"J369-NextRAD","plate1.1","Y",
"J369-WGS","plate1.1","Y",
"J369-WGS","plate1.2","Y",
"J370","plate1-6.0","Y",
"J370","plate1-6.1","Y",
"J370","plate1-6.2","Y",
"J370-NextRAD","plate1.1","Y",
"J370-WGS","plate1.1","Y",
"J370-WGS","plate1.2","Y",
"J371","plate1-6.0","Y",
"J371","plate1-6.1","Y",
"J371","plate1-6.2","Y",
"J371-NextRAD","plate1.1","Y",
"J371-WGS","plate1.1","Y",
"J371-WGS","plate1.2","Y",
"J372","plate1-6.0","Y",
"J372","plate1-6.1","Y",
"J372","plate1-6.2","Y",
"J372-NextRAD","plate1.1","Y",
"J372-WGS","plate1.1","Y",
"J372-WGS","plate1.2","Y",
"J373","plate1-6.0","Y",
"J373","plate1-6.1","Y",
"J373","plate1-6.2","Y",
"J373-NextRAD","plate1.1","Y",
"J373-WGS","plate1.1","Y",
"J373-WGS","plate1.2","Y",
"J374","plate1-6.0","Y",
"J374","plate1-6.1","Y",
"J374","plate1-6.2","Y",
"J374-NextRAD","plate1.1","Y",
"J374-WGS","plate1.1","Y",
"J374-WGS","plate1.2","Y",
"J374a","plate1-6.0","Y",
"J374a","plate1-6.1","Y",
"J374a","plate1-6.2","Y",
"J374b","plate1-6.0","Y",
"J374b","plate1-6.1","Y",
"J374b","plate1-6.2","Y",
"J374c","plate1-6.0","Y",
"J374c","plate1-6.1","Y",
"J374c","plate1-6.2","Y",
"J374d","plate1-6.0","Y",
"J374d","plate1-6.1","Y",
"J374d","plate1-6.2","Y",
"J374e","plate1-6.0","Y",
"J374e","plate1-6.1","Y",
"J374e","plate1-6.2","Y",
"J374f","plate1-6.0","Y",
"J374f","plate1-6.1","Y",
"J374f","plate1-6.2","Y",
"J374g","plate1-6.0","Y",
"J374g","plate1-6.1","Y",
"J374g","plate1-6.2","Y",
"J374h","plate1-6.0","Y",
"J374h","plate1-6.1","Y",
"J374h","plate1-6.2","Y",
"J374i","plate1-6.0","Y",
"J374i","plate1-6.1","Y",
"J374i","plate1-6.2","Y",
"J375","plate1-6.0","Y",
"J375","plate1-6.1","Y",
"J375","plate1-6.2","Y",
"J375-NextRAD","plate1.1","Y",
"J375-rep1","plate1-6.0","Y",
"J375-rep1","plate1-6.1","Y",
"J375-rep1","plate2","Y",
"J375-WGS","plate1.1","Y",
"J375-WGS","plate1.2","Y",
"J375rep1","plate1-6.2","Y",
"J376","plate1-6.0","Y",
"J376","plate1-6.1","Y",
"J376","plate1-6.2","Y",
"J376-NextRAD","plate1.1","Y",
"J376-WGS","plate1.1","Y",
"J376-WGS","plate1.2","Y",
"J376a","plate1-6.0","Y",
"J376a","plate1-6.1","Y",
"J376a","plate1-6.2","Y",
"J376a-rep","plate1-6.0","Y",
"J376a-rep","plate1-6.1","Y",
"J376arep","plate1-6.2","Y",
"J376b","plate1-6.0","Y",
"J376b","plate1-6.1","Y",
"J376b","plate1-6.2","Y",
"J376c","plate1-6.0","Y",
"J376c","plate1-6.1","Y",
"J376c","plate1-6.2","Y",
"J376d","plate1-6.0","Y",
"J376d","plate1-6.1","Y",
"J376d","plate1-6.2","Y",
"J376e","plate1-6.0","Y",
"J376e","plate1-6.1","Y",
"J376e","plate1-6.2","Y",
"J376f","plate1-6.0","Y",
"J376f","plate1-6.1","Y",
"J376f","plate1-6.2","Y",
"J376g","plate1-6.0","Y",
"J376g","plate1-6.1","Y",
"J376g","plate1-6.2","Y",
"J376h","plate1-6.0","Y",
"J376h","plate1-6.1","Y",
"J376h","plate1-6.2","Y",
"J376i","plate1-6.0","Y",
"J376i","plate1-6.1","Y",
"J376i","plate1-6.2","Y",
"J377","plate1-6.0","Y",
"J377","plate1-6.1","Y",
"J377","plate1-6.2","Y",
"J377a","plate1-6.0","Y",
"J377a","plate1-6.1","Y",
"J377a","plate1-6.2","Y",
"J377b","plate1-6.0","Y",
"J377b","plate1-6.1","Y",
"J377b","plate1-6.2","Y",
"J377c","plate1-6.0","Y",
"J377c","plate1-6.1","Y",
"J377c","plate1-6.2","Y",
"J377d","plate1-6.0","Y",
"J377d","plate1-6.1","Y",
"J377d","plate1-6.2","Y",
"J377e","plate1-6.0","Y",
"J377e","plate1-6.1","Y",
"J377e","plate1-6.2","Y",
"J377e-rep","plate1-6.0","Y",
"J377e-rep","plate1-6.1","Y",
"J377erep","plate1-6.2","Y",
"J377f","oxley.1","Y",
"J377g","plate1-6.0","Y",
"J377g","plate1-6.1","Y",
"J377g","plate1-6.2","Y",
"J377h","plate1-6.0","Y",
"J377h","plate1-6.1","Y",
"J377h","plate1-6.2","Y",
"J377i","plate1-6.0","Y",
"J377i","plate1-6.1","Y",
"J377i","plate1-6.2","Y",
"J379","plate1-6.0","Y",
"J379","plate1-6.1","Y",
"J379","plate1-6.2","Y",
"J379-NextRAD","plate1.1","Y",
"J379-WGS","plate1.1","Y",
"J379-WGS","plate1.2","Y",
"J381","plate1-6.0","Y",
"J381","plate1-6.1","Y",
"J381","plate1-6.2","Y",
"J381-NextRAD","plate1.1","Y",
"J381-WGS","plate1.1","Y",
"J381-WGS","plate1.2","Y",
"J382","oxley.1","Y",
"J382a","plate1-6.0","Y",
"J382a","plate1-6.1","Y",
"J382a","plate1-6.2","Y",
"J382b","plate1-6.0","Y",
"J382b","plate1-6.1","Y",
"J382b","plate1-6.2","Y",
"J382c","plate1-6.0","Y",
"J382c","plate1-6.1","Y",
"J382c","plate1-6.2","Y",
"J382d","plate1-6.0","Y",
"J382d","plate1-6.1","Y",
"J382d","plate1-6.2","Y",
"J382e","plate1-6.0","Y",
"J382e","plate1-6.1","Y",
"J382e","plate1-6.2","Y",
"J382f","plate1-6.0","Y",
"J382f","plate1-6.1","Y",
"J382f","plate1-6.2","Y",
"J382g","plate1-6.0","Y",
"J382g","plate1-6.1","Y",
"J382g","plate1-6.2","Y",
"J382h","plate1-6.0","Y",
"J382h","plate1-6.1","Y",
"J382h","plate1-6.2","Y",
"J382i","plate1-6.0","Y",
"J382i","plate1-6.1","Y",
"J382i","plate1-6.2","Y",
"J383","plate1-6.0","Y",
"J383","plate1-6.1","Y",
"J383","plate1-6.2","Y",
"J383-NextRAD","plate1.1","Y",
"J383-WGS","plate1.1","Y",
"J383-WGS","plate1.2","Y",
"J385","plate1-6.0","Y",
"J385","plate1-6.1","Y",
"J385","plate1-6.2","Y",
"J385-NextRAD","plate1.1","Y",
"J385-rep","plate1-6.0","Y",
"J385-rep","plate1-6.1","Y",
"J385-WGS","plate1.1","Y",
"J385-WGS","plate1.2","Y",
"J385rep","plate1-6.2","Y",
"J385a","plate1-6.0","Y",
"J385a","plate1-6.1","Y",
"J385a","plate1-6.2","Y",
"J385b","plate1-6.0","Y",
"J385b","plate1-6.1","Y",
"J385b","plate1-6.2","Y",
"J385c","plate1-6.0","Y",
"J385c","plate1-6.1","Y",
"J385c","plate1-6.2","Y",
"J385d","plate1-6.0","Y",
"J385d","plate1-6.1","Y",
"J385d","plate1-6.2","Y",
"J385e","plate1-6.0","Y",
"J385e","plate1-6.1","Y",
"J385e","plate1-6.2","Y",
"J385f","plate1-6.0","Y",
"J385f","plate1-6.1","Y",
"J385f","plate1-6.2","Y",
"J385g","plate1-6.0","Y",
"J385g","plate1-6.1","Y",
"J385g","plate1-6.2","Y",
"J385h","plate1-6.0","Y",
"J385h","plate1-6.1","Y",
"J385h","plate1-6.2","Y",
"J385i","plate1-6.0","Y",
"J385i","plate1-6.1","Y",
"J385i","plate1-6.2","Y",
"J386","plate1-6.0","Y",
"J386","plate1-6.1","Y",
"J386","plate1-6.2","Y",
"J386a","plate1-6.0","Y",
"J386a","plate1-6.1","Y",
"J386a","plate1-6.2","Y",
"J386b","plate1-6.0","Y",
"J386b","plate1-6.1","Y",
"J386b","plate1-6.2","Y",
"J386c","plate1-6.0","Y",
"J386c","plate1-6.1","Y",
"J386c","plate1-6.2","Y",
"J386d","plate1-6.0","Y",
"J386d","plate1-6.1","Y",
"J386d","plate1-6.2","Y",
"J386e","plate1-6.0","Y",
"J386e","plate1-6.1","Y",
"J386e","plate1-6.2","Y",
"J386f","plate1-6.0","Y",
"J386f","plate1-6.1","Y",
"J386f","plate1-6.2","Y",
"J386g","plate1-6.0","Y",
"J386g","plate1-6.1","Y",
"J386g","plate1-6.2","Y",
"J386h","plate1-6.0","Y",
"J386h","plate1-6.1","Y",
"J386h","plate1-6.2","Y",
"J386i","plate1-6.0","Y",
"J386i","plate1-6.1","Y",
"J386i","plate1-6.2","Y",
"J387","plate1-6.0","Y",
"J387","plate1-6.1","Y",
"J387","plate1-6.2","Y",
"J387-NextRAD","plate1.1","Y",
"J387-WGS","plate1.1","Y",
"J387-WGS","plate1.2","Y",
"J387a","plate1-6.0","Y",
"J387a","plate1-6.1","Y",
"J387a","plate1-6.2","Y",
"J387b","plate1-6.0","Y",
"J387b","plate1-6.1","Y",
"J387b","plate1-6.2","Y",
"J387c","plate1-6.0","Y",
"J387c","plate1-6.1","Y",
"J387c","plate1-6.2","Y",
"J387d","plate1-6.0","Y",
"J387d","plate1-6.1","Y",
"J387d","plate1-6.2","Y",
"J387e","plate1-6.0","Y",
"J387e","plate1-6.1","Y",
"J387e","plate1-6.2","Y",
"J387f","plate1-6.0","Y",
"J387f","plate1-6.1","Y",
"J387f","plate1-6.2","Y",
"J387g","plate1-6.0","Y",
"J387g","plate1-6.1","Y",
"J387g","plate1-6.2","Y",
"J387h","plate1-6.0","Y",
"J387h","plate1-6.1","Y",
"J387h","plate1-6.2","Y",
"J387i","plate1-6.0","Y",
"J387i","plate1-6.1","Y",
"J387i","plate1-6.2","Y",
"J388","plate1-6.0","Y",
"J388","plate1-6.1","Y",
"J388","plate1-6.2","Y",
"J388a","plate1-6.0","Y",
"J388a","plate1-6.1","Y",
"J388a","plate1-6.2","Y",
"J388b","plate1-6.0","Y",
"J388b","plate1-6.1","Y",
"J388b","plate1-6.2","Y",
"J388c","plate1-6.0","Y",
"J388c","plate1-6.1","Y",
"J388c","plate1-6.2","Y",
"J388d","plate1-6.0","Y",
"J388d","plate1-6.1","Y",
"J388d","plate1-6.2","Y",
"J388e","plate1-6.0","Y",
"J388e","plate1-6.1","Y",
"J388e","plate1-6.2","Y",
"J388f","plate1-6.0","Y",
"J388f","plate1-6.1","Y",
"J388f","plate1-6.2","Y",
"J388g","plate1-6.0","Y",
"J388g","plate1-6.1","Y",
"J388g","plate1-6.2","Y",
"J388h","plate1-6.0","Y",
"J388h","plate1-6.1","Y",
"J388h","plate1-6.2","Y",
"J388i","plate1-6.0","Y",
"J388i","plate1-6.1","Y",
"J388i","plate1-6.2","Y",
"J389","plate1-6.0","Y",
"J389","plate1-6.1","Y",
"J389","plate1-6.2","Y",
"J389-NextRAD","plate1.1","Y",
"J389-WGS","plate1.1","Y",
"J389-WGS","plate1.2","Y",
"J390","plate1-6.0","Y",
"J390","plate1-6.1","Y",
"J390","plate1-6.2","Y",
"J390a","plate1-6.0","Y",
"J390a","plate1-6.1","Y",
"J390a","plate1-6.2","Y",
"J390a-rep","plate1-6.0","Y",
"J390a-rep","plate1-6.1","Y",
"J390arep","plate1-6.2","Y",
"J390b","plate1-6.0","Y",
"J390b","plate1-6.1","Y",
"J390b","plate1-6.2","Y",
"J392","plate1-6.0","Y",
"J392","plate1-6.1","Y",
"J392","plate1-6.2","Y",
"J392","plate2","Y",
"J393","plate1-6.0","Y",
"J393","plate1-6.1","Y",
"J393","plate1-6.2","Y",
"J393-NextRAD","plate1.1","Y",
"J393-WGS","plate1.1","Y",
"J393-WGS","plate1.2","Y",
"J393a","plate1-6.0","Y",
"J393a","plate1-6.1","Y",
"J393a","plate1-6.2","Y",
"J393b","plate1-6.0","Y",
"J393b","plate1-6.1","Y",
"J393b","plate1-6.2","Y",
"J393c","plate1-6.0","Y",
"J393c","plate1-6.1","Y",
"J393c","plate1-6.2","Y",
"J393d","plate1-6.0","Y",
"J393d","plate1-6.1","Y",
"J393d","plate1-6.2","Y",
"J393e","plate1-6.0","Y",
"J393e","plate1-6.1","Y",
"J393e","plate1-6.2","Y",
"J393f","plate1-6.0","Y",
"J393f","plate1-6.1","Y",
"J393f","plate1-6.2","Y",
"J393g","plate1-6.0","Y",
"J393g","plate1-6.1","Y",
"J393g","plate1-6.2","Y",
"J393h","plate1-6.0","Y",
"J393h","plate1-6.1","Y",
"J393h","plate1-6.2","Y",
"J393i","plate1-6.0","Y",
"J393i","plate1-6.1","Y",
"J393i","plate1-6.2","Y",
"J394","plate1-6.0","Y",
"J394","plate1-6.1","Y",
"J394","plate1-6.2","Y",
"J394a","plate1-6.0","Y",
"J394a","plate1-6.1","Y",
"J394a","plate1-6.2","Y",
"J394b","plate1-6.0","Y",
"J394b","plate1-6.1","Y",
"J394b","plate1-6.2","Y",
"J394c","plate1-6.0","Y",
"J394c","plate1-6.1","Y",
"J394c","plate1-6.2","Y",
"J394d","plate1-6.0","Y",
"J394d","plate1-6.1","Y",
"J394d","plate1-6.2","Y",
"J394e","plate1-6.0","Y",
"J394e","plate1-6.1","Y",
"J394e","plate1-6.2","Y",
"J394f","plate1-6.0","Y",
"J394f","plate1-6.1","Y",
"J394f","plate1-6.2","Y",
"J394g","plate1-6.0","Y",
"J394g","plate1-6.1","Y",
"J394g","plate1-6.2","Y",
"J395","plate1-6.0","Y",
"J395","plate1-6.1","Y",
"J395","plate1-6.2","Y",
"J395-NextRAD","plate1.1","Y",
"J395-WGS","plate1.1","Y",
"J395-WGS","plate1.2","Y",
"J395A","plate1-6.0","Y",
"J395A","plate1-6.1","Y",
"J395A","plate1-6.2","Y",
"J395a-rep","oxley.1","Y",
"J395B","plate1-6.0","Y",
"J395B","plate1-6.1","Y",
"J395B","plate1-6.2","Y",
"J395C","plate1-6.0","Y",
"J395C","plate1-6.1","Y",
"J395C","plate1-6.2","Y",
"J395D","plate1-6.0","Y",
"J395D","plate1-6.1","Y",
"J395D","plate1-6.2","Y",
"J395E","plate1-6.0","Y",
"J395E","plate1-6.1","Y",
"J395E","plate1-6.2","Y",
"J395H","plate1-6.0","Y",
"J395H","plate1-6.1","Y",
"J395H","plate1-6.2","Y",
"J397","plate1-6.0","Y",
"J397","plate1-6.1","Y",
"J397","plate1-6.2","Y",
"J397","plate2",,"Samples J397 and NE35955 exchanged in sequencing metadata, deleting from analyses"
"J398","plate1-6.0","Y",
"J398","plate1-6.1","Y",
"J398","plate1-6.2","Y",
"J398-NextRAD","plate1.1","Y",
"J398-WGS","plate1.1","Y",
"J398-WGS","plate1.2","Y",
"J399","plate1-6.0","Y",
"J399","plate1-6.1","Y",
"J399","plate1-6.2","Y",
"J399","plate2","Y",
"J400","plate1-6.0","Y",
"J400","plate1-6.1","Y",
"J400","plate1-6.2","Y",
"J400","plate2","Y",
"J401","oxley.1","Y",
"J401","plate1-6.0","Y",
"J401","plate1-6.1","Y",
"J401","plate1-6.2","Y",
"J401","plate2","Y",
"J401a","plate1-6.0","Y",
"J401a","plate1-6.1","Y",
"J401a","plate1-6.2","Y",
"J401b","plate1-6.0","Y",
"J401b","plate1-6.1","Y",
"J401b","plate1-6.2","Y",
"J401c","plate1-6.0","Y",
"J401c","plate1-6.1","Y",
"J401c","plate1-6.2","Y",
"J401d","plate1-6.0","Y",
"J401d","plate1-6.1","Y",
"J401d","plate1-6.2","Y",
"J401e","plate1-6.0","Y",
"J401e","plate1-6.1","Y",
"J401e","plate1-6.2","Y",
"J401f","plate1-6.0","Y",
"J401f","plate1-6.1","Y",
"J401f","plate1-6.2","Y",
"J401g","plate1-6.0","Y",
"J401g","plate1-6.1","Y",
"J401g","plate1-6.2","Y",
"J401h","plate1-6.0","Y",
"J401h","plate1-6.1","Y",
"J401h","plate1-6.2","Y",
"J401i","oxley.1","Y",
"J402","plate1-6.0","Y",
"J402","plate1-6.1","Y",
"J402","plate1-6.2","Y",
"J402","plate2","Y",
"J403","plate1-6.0","Y",
"J403","plate1-6.1","Y",
"J403","plate1-6.2","Y",
"J403","plate2","Y",
"J404","plate1-6.0","Y",
"J404","plate1-6.1","Y",
"J404","plate1-6.2","Y",
"J404","plate2","Y",
"J405","oxley.1","Y",
"J405","plate1-6.0","Y",
"J405","plate1-6.1","Y",
"J405","plate1-6.2","Y",
"J405","plate2","Y",
"J405a","plate1-6.0","Y",
"J405a","plate1-6.1","Y",
"J405a","plate1-6.2","Y",
"J405b","plate1-6.0","Y",
"J405b","plate1-6.1","Y",
"J405b","plate1-6.2","Y",
"J405c","plate1-6.0","Y",
"J405c","plate1-6.1","Y",
"J405c","plate1-6.2","Y",
"J405d","plate1-6.0","Y",
"J405d","plate1-6.1","Y",
"J405d","plate1-6.2","Y",
"J405e","plate1-6.0","Y",
"J405e","plate1-6.1","Y",
"J405e","plate1-6.2","Y",
"J405f","plate1-6.0","Y",
"J405f","plate1-6.1","Y",
"J405f","plate1-6.2","Y",
"J405g","plate1-6.0","Y",
"J405g","plate1-6.1","Y",
"J405g","plate1-6.2","Y",
"J405h","plate1-6.0","Y",
"J405h","plate1-6.1","Y",
"J405h","plate1-6.2","Y",
"J405i","plate1-6.0","Y",
"J405i","plate1-6.1","Y",
"J405i","plate1-6.2","Y",
"J406","oxley.1","Y",
"J406","plate1-6.0","Y",
"J406","plate1-6.1","Y",
"J406","plate1-6.2","Y",
"J406","plate2","Y",
"J406a","plate1-6.0","Y",
"J406a","plate1-6.1","Y",
"J406a","plate1-6.2","Y",
"J406b","plate1-6.0","Y",
"J406b","plate1-6.1","Y",
"J406b","plate1-6.2","Y",
"J406c","plate1-6.0","Y",
"J406c","plate1-6.1","Y",
"J406c","plate1-6.2","Y",
"J406d","plate1-6.0","Y",
"J406d","plate1-6.1","Y",
"J406d","plate1-6.2","Y",
"J406e","plate1-6.0","Y",
"J406e","plate1-6.1","Y",
"J406e","plate1-6.2","Y",
"J406f","plate1-6.0","Y",
"J406f","plate1-6.1","Y",
"J406f","plate1-6.2","Y",
"J406g","plate1-6.0","Y",
"J406g","plate1-6.1","Y",
"J406g","plate1-6.2","Y",
"J406h","plate1-6.0","Y",
"J406h","plate1-6.1","Y",
"J406h","plate1-6.2","Y",
"J406i","plate1-6.0","Y",
"J406i","plate1-6.1","Y",
"J406i","plate1-6.2","Y",
"J407","plate1-6.0","Y",
"J407","plate1-6.1","Y",
"J407","plate1-6.2","Y",
"J407","plate2","Y",
"J408","plate1-6.0","Y",
"J408","plate1-6.1","Y",
"J408","plate1-6.2","Y",
"J408","plate2","Y",
"J411","plate1-6.0","Y",
"J411","plate1-6.1","Y",
"J411","plate1-6.2","Y",
"J411","plate2","Y",
"J412","plate1-6.0","Y",
"J412","plate1-6.1","Y",
"J412","plate1-6.2","Y",
"J412","plate2","Y",
"J413","oxley.1","Y",
"J413","plate1-6.0","Y",
"J413","plate1-6.1","Y",
"J413","plate1-6.2","Y",
"J413","plate2","Y",
"J413a","plate1-6.0","Y",
"J413a","plate1-6.1","Y",
"J413a","plate1-6.2","Y",
"J413b","oxley.1","Y",
"J413c","plate1-6.0","Y",
"J413c","plate1-6.1","Y",
"J413c","plate1-6.2","Y",
"J413d","oxley.1","Y",
"J413e","oxley.1","Y",
"J413f","plate1-6.0","Y",
"J413f","plate1-6.1","Y",
"J413f","plate1-6.2","Y",
"J413g","oxley.1","Y",
"J413h","oxley.1","Y",
"J413i","oxley.1","Y",
"J414","plate1-6.0","Y",
"J414","plate1-6.1","Y",
"J414","plate1-6.2","Y",
"J414","plate2","Y",
"J414a","plate1-6.0","Y",
"J414a","plate1-6.1","Y",
"J414a","plate1-6.2","Y",
"J414b","plate1-6.0","Y",
"J414b","plate1-6.1","Y",
"J414b","plate1-6.2","Y",
"J414c","plate1-6.0","Y",
"J414c","plate1-6.1","Y",
"J414c","plate1-6.2","Y",
"J414d","oxley.1","Y",
"J416","plate1-6.0","Y",
"J416","plate1-6.1","Y",
"J416","plate1-6.2","Y",
"J416","plate2","Y",
"J416a","plate1-6.0","Y",
"J416a","plate1-6.1","Y",
"J416a","plate1-6.2","Y",
"J416b","plate1-6.0","Y",
"J416b","plate1-6.1","Y",
"J416b","plate1-6.2","Y",
"J416c","plate1-6.0","Y",
"J416c","plate1-6.1","Y",
"J416c","plate1-6.2","Y",
"J416d","plate1-6.0","Y",
"J416d","plate1-6.1","Y",
"J416d","plate1-6.2","Y",
"J416e","plate1-6.0","Y",
"J416e","plate1-6.1","Y",
"J416e","plate1-6.2","Y",
"J416f","plate1-6.0","Y",
"J416f","plate1-6.1","Y",
"J416f","plate1-6.2","Y",
"J416g","plate1-6.0","Y",
"J416g","plate1-6.1","Y",
"J416g","plate1-6.2","Y",
"J416h","plate1-6.0","Y",
"J416h","plate1-6.1","Y",
"J416h","plate1-6.2","Y",
"J416i","plate1-6.0","Y",
"J416i","plate1-6.1","Y",
"J416i","plate1-6.2","Y",
"J417","plate1-6.0","Y",
"J417","plate1-6.1","Y",
"J417","plate1-6.2","Y",
"J417","plate2","Y",
"J418","plate1-6.0","Y",
"J418","plate1-6.1","Y",
"J418","plate1-6.2","Y",
"J418","plate2","Y",
"J418a","plate1-6.0","Y",
"J418a","plate1-6.1","Y",
"J418a","plate1-6.2","Y",
"J418b","plate1-6.0","Y",
"J418b","plate1-6.1","Y",
"J418b","plate1-6.2","Y",
"J418c","plate1-6.0","Y",
"J418c","plate1-6.1","Y",
"J418c","plate1-6.2","Y",
"J418d","oxley.1","Y",
"J418e","plate1-6.0","Y",
"J418e","plate1-6.1","Y",
"J418e","plate1-6.2","Y",
"J418f","oxley.1","Y",
"J418g","plate1-6.0","Y",
"J418g","plate1-6.1","Y",
"J418g","plate1-6.2","Y",
"J418h","plate1-6.0","Y",
"J418h","plate1-6.1","Y",
"J418h","plate1-6.2","Y",
"J418i","plate1-6.0","Y",
"J418i","plate1-6.1","Y",
"J418i","plate1-6.2","Y",
"J419","plate1-6.0","Y",
"J419","plate1-6.1","Y",
"J419","plate1-6.2","Y",
"J419","plate2","Y",
"J419a","plate1-6.0","Y",
"J419a","plate1-6.1","Y",
"J419a","plate1-6.2","Y",
"J419b","plate1-6.0","Y",
"J419b","plate1-6.1","Y",
"J419b","plate1-6.2","Y",
"J419c","plate1-6.0","Y",
"J419c","plate1-6.1","Y",
"J419c","plate1-6.2","Y",
"J419d","plate1-6.0","Y",
"J419d","plate1-6.1","Y",
"J419d","plate1-6.2","Y",
"J419e","plate1-6.0","Y",
"J419e","plate1-6.1","Y",
"J419e","plate1-6.2","Y",
"J419f","plate1-6.0","Y",
"J419f","plate1-6.1","Y",
"J419f","plate1-6.2","Y",
"J419g","plate1-6.0","Y",
"J419g","plate1-6.1","Y",
"J419g","plate1-6.2","Y",
"J419h","plate1-6.0","Y",
"J419h","plate1-6.1","Y",
"J419h","plate1-6.2","Y",
"J419i","plate1-6.0","Y",
"J419i","plate1-6.1","Y",
"J419i","plate1-6.2","Y",
"J420","plate1-6.0","Y",
"J420","plate1-6.1","Y",
"J420","plate1-6.2","Y",
"J420","plate2","Y",
"J421","plate1-6.0","Y",
"J421","plate1-6.1","Y",
"J421","plate1-6.2","Y",
"J421","plate2","Y",
"J421a","oxley.1","Y",
"J421b","plate1-6.0","Y",
"J421b","plate1-6.1","Y",
"J421b","plate1-6.2","Y",
"J421c","oxley.1","Y",
"J421d","oxley.1","Y",
"J421e","oxley.1","Y",
"J421f","oxley.1","Y",
"J421g","oxley.1","Y",
"J421h","oxley.1","Y",
"J421i","oxley.1","Y",
"J422","oxley.1","Y",
"J422","plate1-6.0","Y",
"J422","plate1-6.1","Y",
"J422","plate1-6.2","Y",
"J422","plate2","Y",
"J422a","plate1-6.0","Y",
"J422a","plate1-6.1","Y",
"J422a","plate1-6.2","Y",
"J422b","oxley.1","Y",
"J422c","plate1-6.0","Y",
"J422c","plate1-6.1","Y",
"J422c","plate1-6.2","Y",
"J422d","oxley.1","Y",
"J422e","plate1-6.0","Y",
"J422e","plate1-6.1","Y",
"J422e","plate1-6.2","Y",
"J422e-rep","plate1-6.0","Y",
"J422e-rep","plate1-6.1","Y",
"J422erep","plate1-6.2","Y",
"J422f","plate1-6.0","Y",
"J422f","plate1-6.1","Y",
"J422f","plate1-6.2","Y",
"J422g","plate1-6.0","Y",
"J422g","plate1-6.1","Y",
"J422g","plate1-6.2","Y",
"J422h","oxley.1","Y",
"J422i","oxley.1","Y",
"J423","plate1-6.0","Y",
"J423","plate1-6.1","Y",
"J423","plate1-6.2","Y",
"J423","plate2","Y",
"J424","plate1-6.0","Y",
"J424","plate1-6.1","Y",
"J424","plate1-6.2","Y",
"J424","plate2","Y",
"J424a","plate1-6.0","Y",
"J424a","plate1-6.1","Y",
"J424a","plate1-6.2","Y",
"J424b","plate1-6.0","Y",
"J424b","plate1-6.1","Y",
"J424b","plate1-6.2","Y",
"J424c","plate1-6.0","Y",
"J424c","plate1-6.1","Y",
"J424c","plate1-6.2","Y",
"J424d","plate1-6.0","Y",
"J424d","plate1-6.1","Y",
"J424d","plate1-6.2","Y",
"J424e","plate1-6.0","Y",
"J424e","plate1-6.1","Y",
"J424e","plate1-6.2","Y",
"J424f","plate1-6.0","Y",
"J424f","plate1-6.1","Y",
"J424f","plate1-6.2","Y",
"J424g","plate1-6.0","Y",
"J424g","plate1-6.1","Y",
"J424g","plate1-6.2","Y",
"J424h","oxley.1","Y",
"J424i","oxley.1","Y",
"J425","plate1-6.0","Y",
"J425","plate1-6.1","Y",
"J425","plate1-6.2","Y",
"J425a","plate1-6.0","Y",
"J425a","plate1-6.1","Y",
"J425a","plate1-6.2","Y",
"J425b","plate1-6.0","Y",
"J425b","plate1-6.1","Y",
"J425b","plate1-6.2","Y",
"J425c","plate1-6.0","Y",
"J425c","plate1-6.1","Y",
"J425c","plate1-6.2","Y",
"J425d","plate1-6.0","Y",
"J425d","plate1-6.1","Y",
"J425d","plate1-6.2","Y",
"J425e","plate1-6.0","Y",
"J425e","plate1-6.1","Y",
"J425e","plate1-6.2","Y",
"J425f","plate1-6.0","Y",
"J425f","plate1-6.1","Y",
"J425f","plate1-6.2","Y",
"J425g","plate1-6.0","Y",
"J425g","plate1-6.1","Y",
"J425g","plate1-6.2","Y",
"J425h","plate1-6.0","Y",
"J425h","plate1-6.1","Y",
"J425h","plate1-6.2","Y",
"J425i","plate1-6.0","Y",
"J425i","plate1-6.1","Y",
"J425i","plate1-6.2","Y",
"J426","plate1-6.0","Y",
"J426","plate1-6.1","Y",
"J426","plate1-6.2","Y",
"J426a","plate1-6.0","Y",
"J426a","plate1-6.1","Y",
"J426a","plate1-6.2","Y",
"J426b","plate1-6.0","Y",
"J426b","plate1-6.1","Y",
"J426b","plate1-6.2","Y",
"J426c","plate1-6.0","Y",
"J426c","plate1-6.1","Y",
"J426c","plate1-6.2","Y",
"J426d","plate1-6.0","Y",
"J426d","plate1-6.1","Y",
"J426d","plate1-6.2","Y",
"J426e","oxley.1","Y",
"J426f","plate1-6.0","Y",
"J426f","plate1-6.1","Y",
"J426f","plate1-6.2","Y",
"J426g","plate1-6.0","Y",
"J426g","plate1-6.1","Y",
"J426g","plate1-6.2","Y",
"J426h","plate1-6.0","Y",
"J426h","plate1-6.1","Y",
"J426h","plate1-6.2","Y",
"J426i","plate1-6.0","Y",
"J426i","plate1-6.1","Y",
"J426i","plate1-6.2","Y",
"J427","plate1-6.0","Y",
"J427","plate1-6.1","Y",
"J427","plate1-6.2","Y",
"J427","plate2","Y",
"J427a","plate1-6.0","Y",
"J427a","plate1-6.1","Y",
"J427a","plate1-6.2","Y",
"J427a","plate2","Y",
"J428","plate1-6.0","Y",
"J428","plate1-6.1","Y",
"J428","plate1-6.2","Y",
"J428a","plate1-6.0","Y",
"J428a","plate1-6.1","Y",
"J428a","plate1-6.2","Y",
"J428b","plate1-6.0","Y",
"J428b","plate1-6.1","Y",
"J428b","plate1-6.2","Y",
"J428c","plate1-6.0","Y",
"J428c","plate1-6.1","Y",
"J428c","plate1-6.2","Y",
"J428d","plate1-6.0","Y",
"J428d","plate1-6.1","Y",
"J428d","plate1-6.2","Y",
"J428e","plate1-6.0","Y",
"J428e","plate1-6.1","Y",
"J428e","plate1-6.2","Y",
"J428f","plate1-6.0","Y",
"J428f","plate1-6.1","Y",
"J428f","plate1-6.2","Y",
"J428g","plate1-6.0","Y",
"J428g","plate1-6.1","Y",
"J428g","plate1-6.2","Y",
"J428h","plate1-6.0","Y",
"J428h","plate1-6.1","Y",
"J428h","plate1-6.2","Y",
"J428i","plate1-6.0","Y",
"J428i","plate1-6.1","Y",
"J428i","plate1-6.2","Y",
"J429","plate1-6.0","Y",
"J429","plate1-6.1","Y",
"J429","plate1-6.2","Y",
"J429a","plate1-6.0","Y",
"J429a","plate1-6.1","Y",
"J429a","plate1-6.2","Y",
"J429b","plate1-6.0","Y",
"J429b","plate1-6.1","Y",
"J429b","plate1-6.2","Y",
"J429c","plate1-6.0","Y",
"J429c","plate1-6.1","Y",
"J429c","plate1-6.2","Y",
"J429d","plate1-6.0","Y",
"J429d","plate1-6.1","Y",
"J429d","plate1-6.2","Y",
"J429e","plate1-6.0","Y",
"J429e","plate1-6.1","Y",
"J429e","plate1-6.2","Y",
"J429f","plate1-6.0","Y",
"J429f","plate1-6.1","Y",
"J429f","plate1-6.2","Y",
"J429g","plate1-6.0","Y",
"J429g","plate1-6.1","Y",
"J429g","plate1-6.2","Y",
"J429h","plate1-6.0","Y",
"J429h","plate1-6.1","Y",
"J429h","plate1-6.2","Y",
"J429i","plate1-6.0","Y",
"J429i","plate1-6.1","Y",
"J429i","plate1-6.2","Y",
"J430","plate1-6.0","Y",
"J430","plate1-6.1","Y",
"J430","plate1-6.2","Y",
"J430a","plate1-6.0","Y",
"J430a","plate1-6.1","Y",
"J430a","plate1-6.2","Y",
"J430a-rep","plate1-6.0","Y",
"J430a-rep","plate1-6.1","Y",
"J430arep","plate1-6.2","Y",
"J430b","plate1-6.0","Y",
"J430b","plate1-6.1","Y",
"J430b","plate1-6.2","Y",
"J430c","plate1-6.0","Y",
"J430c","plate1-6.1","Y",
"J430c","plate1-6.2","Y",
"J430d","plate1-6.0","Y",
"J430d","plate1-6.1","Y",
"J430d","plate1-6.2","Y",
"J430e","plate1-6.0","Y",
"J430e","plate1-6.1","Y",
"J430e","plate1-6.2","Y",
"J430f","plate1-6.0","Y",
"J430f","plate1-6.1","Y",
"J430f","plate1-6.2","Y",
"J430g","plate1-6.0","Y",
"J430g","plate1-6.1","Y",
"J430g","plate1-6.2","Y",
"J430h","plate1-6.0","Y",
"J430h","plate1-6.1","Y",
"J430h","plate1-6.2","Y",
"J430i","plate1-6.0","Y",
"J430i","plate1-6.1","Y",
"J430i","plate1-6.2","Y",
"J431","plate1-6.0","Y",
"J431","plate1-6.1","Y",
"J431","plate1-6.2","Y",
"J431","plate2","Y",
"J432","plate1-6.0","Y",
"J432","plate1-6.1","Y",
"J432","plate1-6.2","Y",
"J432","plate2","Y",
"J433","plate1-6.0","Y",
"J433","plate1-6.1","Y",
"J433","plate1-6.2","Y",
"J433a","plate1-6.0","Y",
"J433a","plate1-6.1","Y",
"J433a","plate1-6.2","Y",
"J433b","plate1-6.0","Y",
"J433b","plate1-6.1","Y",
"J433b","plate1-6.2","Y",
"J433c","plate1-6.0","Y",
"J433c","plate1-6.1","Y",
"J433c","plate1-6.2","Y",
"J433d","plate1-6.0","Y",
"J433d","plate1-6.1","Y",
"J433d","plate1-6.2","Y",
"J433e","plate1-6.0","Y",
"J433e","plate1-6.1","Y",
"J433e","plate1-6.2","Y",
"J433f","plate1-6.0","Y",
"J433f","plate1-6.1","Y",
"J433f","plate1-6.2","Y",
"J433g","plate1-6.0","Y",
"J433g","plate1-6.1","Y",
"J433g","plate1-6.2","Y",
"J433h","plate1-6.0","Y",
"J433h","plate1-6.1","Y",
"J433h","plate1-6.2","Y",
"J433i","oxley.1","Y",
"J434","plate1-6.0","Y",
"J434","plate1-6.1","Y",
"J434","plate1-6.2","Y",
"J434a","plate1-6.0","Y",
"J434a","plate1-6.1","Y",
"J434a","plate1-6.2","Y",
"J434b","plate1-6.0","Y",
"J434b","plate1-6.1","Y",
"J434b","plate1-6.2","Y",
"J435","plate1-6.0","Y",
"J435","plate1-6.1","Y",
"J435","plate1-6.2","Y",
"J435a","plate1-6.0","Y",
"J435a","plate1-6.1","Y",
"J435a","plate1-6.2","Y",
"J435b","plate1-6.0","Y",
"J435b","plate1-6.1","Y",
"J435b","plate1-6.2","Y",
"J435c","plate1-6.0","Y",
"J435c","plate1-6.1","Y",
"J435c","plate1-6.2","Y",
"J435d","plate1-6.0","Y",
"J435d","plate1-6.1","Y",
"J435d","plate1-6.2","Y",
"J435e","plate1-6.0","Y",
"J435e","plate1-6.1","Y",
"J435e","plate1-6.2","Y",
"J435f","plate1-6.0","Y",
"J435f","plate1-6.1","Y",
"J435f","plate1-6.2","Y",
"J435g","plate1-6.0","Y",
"J435g","plate1-6.1","Y",
"J435g","plate1-6.2","Y",
"J435h","plate1-6.0","Y",
"J435h","plate1-6.1","Y",
"J435h","plate1-6.2","Y",
"J435i","plate1-6.0","Y",
"J435i","plate1-6.1","Y",
"J435i","plate1-6.2","Y",
"J436","plate1-6.0","Y",
"J436","plate1-6.1","Y",
"J436","plate1-6.2","Y",
"J436a","plate1-6.0","Y",
"J436a","plate1-6.1","Y",
"J436a","plate1-6.2","Y",
"J436b","plate1-6.0","Y",
"J436b","plate1-6.1","Y",
"J436b","plate1-6.2","Y",
"J436c","plate1-6.0","Y",
"J436c","plate1-6.1","Y",
"J436c","plate1-6.2","Y",
"J436c-rep","plate1-6.0","Y",
"J436c-rep","plate1-6.1","Y",
"J436crep","plate1-6.2","Y",
"J436d","plate1-6.0","Y",
"J436d","plate1-6.1","Y",
"J436d","plate1-6.2","Y",
"J436e","plate1-6.0","Y",
"J436e","plate1-6.1","Y",
"J436e","plate1-6.2","Y",
"J436f","plate1-6.0","Y",
"J436f","plate1-6.1","Y",
"J436f","plate1-6.2","Y",
"J436g","plate1-6.0","Y",
"J436g","plate1-6.1","Y",
"J436g","plate1-6.2","Y",
"J436h","plate1-6.0","Y",
"J436h","plate1-6.1","Y",
"J436h","plate1-6.2","Y",
"J436i","plate1-6.0","Y",
"J436i","plate1-6.1","Y",
"J436i","plate1-6.2","Y",
"J437","plate1-6.0","Y",
"J437","plate1-6.1","Y",
"J437","plate1-6.2","Y",
"J438","plate1-6.0","Y",
"J438","plate1-6.1","Y",
"J438","plate1-6.2","Y",
"M1c","plate1-6.0","Y",
"M1c","plate1-6.1","Y",
"M1c","plate1-6.2","Y",
"M1c","plate2","Y",
"M2a","plate1-6.0","Y",
"M2a","plate1-6.1","Y",
"M2a","plate1-6.2","Y",
"M2a","plate2","Y",
"M2b","plate1-6.0","Y",
"M2b","plate1-6.1","Y",
"M2b","plate1-6.2","Y",
"M2b","plate2","Y",
"NAL05","plate1-6.0","Y",
"NAL05","plate1-6.1","Y",
"NAL05","plate1-6.2","Y",
"NAL05-NextRAD","plate1.1","Y",
"NAL05-WGS","plate1.1","Y",
"NAL05-WGS","plate1.2","Y",
"NBJ30","plate1-6.0","Y",
"NBJ30","plate1-6.1","Y",
"NBJ30","plate1-6.2","Y",
"NBJ30-NextRAD","plate1.1","Y",
"NBJ30-WGS","plate1.1","Y",
"NBJ30-WGS","plate1.2","Y",
"NCD30","plate1-6.0","Y",
"NCD30","plate1-6.1","Y",
"NCD30","plate1-6.2","Y",
"NCD30-NextRAD","plate1.1","Y",
"NCD30-WGS","plate1.1","Y",
"NCD30-WGS","plate1.2","Y",
"NCR13","plate1-6.0","Y",
"NCR13","plate1-6.1","Y",
"NCR13","plate1-6.2","Y",
"NCR13-NextRAD","plate1.1","Y",
"NCR13-WGS","plate1.1","Y",
"NCR13-WGS","plate1.2","Y",
"NDU10","plate1-6.0","Y",
"NDU10","plate1-6.1","Y",
"NDU10","plate1-6.2","Y",
"NDU10-NextRAD","plate1.1","Y",
"NDU10-WGS","plate1.1","Y",
"NDU10-WGS","plate1.2","Y",
"NE10467","plate1-6.0","Y",
"NE10467","plate1-6.1","Y",
"NE10467","plate1-6.2","Y",
"NE10467","plate2",,"Somehow were removed from gdata"
"NE25923","plate1-6.0","Y",
"NE25923","plate1-6.1","Y",
"NE25923","plate1-6.2","Y",
"NE25923","plate2",,"Somehow were removed from gdata"
"NE25953","plate1-6.0","Y",
"NE25953","plate1-6.1","Y",
"NE25953","plate1-6.2","Y",
"NE25953","plate2",,"Samples J397 and NE35955 exchanged in sequencing metadata, deleting from analyses"
"NE35955","plate1-6.0","Y",
"NE35955","plate1-6.1","Y",
"NE35955","plate1-6.2","Y",
"NE35955","plate2",,"Samples J397 and NE35955 exchanged in sequencing metadata"
"NE35959","plate1-6.0","Y",
"NE35959","plate1-6.1","Y",
"NE35959","plate1-6.2","Y",
"NE35959","plate2","Y",
"NE36811","plate1-6.0","Y",
"NE36811","plate1-6.1","Y",
"NE36811","plate1-6.2","Y",
"NE36811","plate2","Y",
"NE37169","plate1-6.0","Y",
"NE37169","plate1-6.1","Y",
"NE37169","plate1-6.2","Y",
"NE37169","plate2","Y",
"NE37647","plate1-6.0","Y",
"NE37647","plate1-6.1","Y",
"NE37647","plate1-6.2","Y",
"NE37647","plate2","Y",
"NE4583","plate1-6.0","Y",
"NE4583","plate1-6.1","Y",
"NE4583","plate1-6.2","Y",
"NE4583","plate2","Y",
"NE67754","plate1-6.0","Y",
"NE67754","plate1-6.1","Y",
"NE67754","plate1-6.2","Y",
"NE67754","plate2","Y",
"NE90535","plate1-6.0","Y",
"NE90535","plate1-6.1","Y",
"NE90535","plate1-6.2","Y",
"NE90535","plate2","Y",
"RA1006","plate1-6.0","Y",
"RA1006","plate1-6.1","Y",
"RA1006","plate1-6.2","Y",
"RA1006-NextRAD","plate1.1","Y",
"RA1006-WGS","plate1.1","Y",
"RA1006-WGS","plate1.2","Y",
"RA1007","plate1-6.0","Y",
"RA1007","plate1-6.1","Y",
"RA1007","plate1-6.2","Y",
"SRR1386218","sra","Y",
"SRR1386219","sra","Y",
"SRR1386220","sra","Y",
"SRR1386221","sra","Y",
"SRR1386222","sra","Y",
"SRR1392391","sra","Y",
"SRR1392399","sra","Y",
"SRR1392411","sra","Y",
"SRR1392700","sra","Y",
"SRR1448467","sra","Y",
"SRR191872","sra","Y",
"SRR400875","sra","Y",
"TLC715","plate1-6.0","Y",
"TLC715","plate1-6.1","Y",
"TLC715","plate1-6.2","Y",
"TLC715-NextRAD","plate1.1","Y",
"TLC715-WGS","plate1.1","Y",
"TLC715-WGS","plate1.2","Y",
"TLC720","plate1-6.0","Y",
"TLC720","plate1-6.1","Y",
"TLC720","plate1-6.2","Y",
"TLC720-NextRAD","plate1.1","Y",
"TLC720-WGS","plate1.1","Y",
"TLC720-WGS","plate1.2","Y",
"TLC724","oxley.1","Y",
"TLC725","plate1-6.0","Y",
"TLC725","plate1-6.1","Y",
"TLC725","plate1-6.2","Y",
"TLC725-NextRAD","plate1.1","Y",
"TLC725-WGS","plate1.1","Y",
"TLC725-WGS","plate1.2","Y",
"TLC726","plate1-6.0","Y",
"TLC726","plate1-6.1","Y",
"TLC726","plate1-6.2","Y",
"TLC726-NextRAD","plate1.1","Y",
"TLC726-WGS","plate1.1","Y",
"TLC726-WGS","plate1.2","Y",
"TLC732","oxley.1","Y",
"TLC734","oxley.1","Y",
"TLC738-1","oxley.1","Y",
"TLC739","oxley.1","Y",
"TLC750","oxley.1","Y",
"TLC757","oxley.1","Y",
"TLC758","oxley.1","Y",
"TLC760","oxley.1","Y",
"TLC761","oxley.1","Y",
"TLC764","oxley.1","Y",
"TLC775","plate1-6.0","Y",
"TLC775","plate1-6.1","Y",
"TLC775","plate1-6.2","Y",
"TLC775-NextRAD","plate1.1","Y",
"TLC775-WGS","plate1.1","Y",
"TLC775-WGS","plate1.2","Y",
"TLC807","oxley.1","Y",
"TLC827","oxley.1","Y",
"TLC830","oxley.1","Y",
"TLC831","oxley.1","Y",
"TLC908","oxley.1","Y",
"TLC909","oxley.1","Y",
"TLC914","oxley.1","Y",
"TLC915","oxley.1","Y",
"TLC922-1","oxley.1","Y",
"TLC922-2","oxley.1","Y",
"TLC922-3","oxley.1","Y",
"TLC922-4","oxley.1","Y",
"TLC922-5","oxley.1","Y",
"TLC946","oxley.1","Y",
"TLC947","oxley.1","Y",
"TLC948","oxley.1","Y",
"TLC949","oxley.1","Y",
"TLC950","oxley.1","Y",
"TLC952-1","oxley.1","Y",
"TLC952-2","oxley.1","Y",
"TLC952-3","oxley.1","Y",
"TLC952-4","oxley.1","Y",
"TLC952-5","oxley.1","Y",
"TLC953C","oxley.1","Y",
"TLC953E","oxley.1","Y",
"TLC963A","oxley.1","Y",
"TLC963C","oxley.1","Y",
"VMA18","plate1-6.0","Y",
"VMA18","plate1-6.1","Y",
"VMA18","plate1-6.2","Y",
"VMA18","plate2","Y",
"VMA18-NextRAD","plate1.1","Y",
"VMA18-WGS","plate1.1","Y",
"VMA18-WGS","plate1.2","Y",
"VMG14","plate2","Y",
"VWG14","plate1-6.0","Y",
"VWG14","plate1-6.1","Y",
"VWG14","plate1-6.2","Y",
"VWG14-NextRAD","plate1.1","Y",
"VWG14-WGS","plate1.1","Y",
"VWG14-WGS","plate1.2","Y",
